Date,Open,High,Low,Close,Volume
2021-11-03 13:27:35.743319,2011.9328766689516,2026.044630312922,1999.8370878312626,2015.9648062815147,4859879
2021-11-04 13:27:35.743319,2008.7686565476888,2022.858216262953,1996.6918910774623,2012.7942450377643,2590545
2021-11-05 13:27:35.743319,2029.3940556435227,2043.6282824867135,2017.1932897779302,2033.46097759872,2408802
2021-11-08 13:27:35.743319,2077.328517424157,2091.898957927132,2064.839568421607,2081.491500425007,2048075
2021-11-09 13:27:35.743319,2071.080394777872,2085.6070107733076,2058.6290096389266,2075.2308564908535,993948
2021-11-10 13:27:35.743319,2064.8515735401033,2079.334500408621,2052.437636224231,2068.9895526453943,4668962
2021-11-11 13:27:35.743319,2115.405540092224,2130.243053900486,2102.6876711137133,2119.6448297517272,4244085
2021-11-12 13:27:35.743319,2140.9679926570225,2155.9848022247565,2128.0964415989642,2145.258509676375,1280641
2021-11-15 13:27:35.743319,2127.007248343811,2141.9261368592483,2114.219629616293,2131.2697879196503,4966134
2021-11-16 13:27:35.743319,2145.460778890605,2160.509100987032,2132.5622170936676,2149.760299489584,2054205
2021-11-17 13:27:35.743319,2131.6643919433636,2146.6159457946696,2118.8487743565297,2135.9362644723083,2204597
2021-11-18 13:27:35.743319,2117.8832712757544,2132.738163960053,2105.1505061177836,2122.127526328411,4265689
2021-11-19 13:27:35.743319,2126.647012812855,2141.5633746261715,2113.861559830012,2130.9088304738025,3051331
2021-11-22 13:27:35.743319,2067.5149179682853,2082.016525609345,2055.084968561662,2071.6582344371595,3627748
2021-11-23 13:27:35.743319,2015.7142434948755,2029.8525197518534,2003.5957209888943,2019.7537509968693,1335036
2021-11-24 13:27:35.743319,1999.7842163729067,2013.8107589727165,1987.7614655730697,2003.7917999728525,2869822
2021-11-25 13:27:35.743319,1970.6172452185644,1984.4392098643857,1958.7698469507172,1974.5663779745134,4501070
2021-11-26 13:27:35.743319,1980.9183020615333,1994.8125186090588,1969.0089735922254,1984.8880782179692,2888278
2021-11-29 13:27:35.743319,1955.097696800583,1968.8108068983825,1943.3436024310404,1959.0157282570972,3383791
2021-11-30 13:27:35.743319,1915.0727461498675,1928.5051201208585,1903.559282746161,1918.9105672844364,4680413
2021-12-01 13:27:35.743319,1958.6203865584782,1972.3582049010724,1946.845113693397,1962.5454775135051,3996605
2021-12-02 13:27:35.743319,1952.9746982456425,1966.6729175720145,1941.2333673944663,1956.8884751960345,1805487
2021-12-03 13:27:35.743319,1955.9316349672392,1969.6505943307366,1944.172526941384,1959.8513376425242,808623
2021-12-06 13:27:35.743319,1915.532011340726,1928.9676066106508,1904.0157868236477,1919.370752846419,4147371
2021-12-07 13:27:35.743319,1900.9041775412695,1914.2371727745247,1889.4758959127648,1904.713604750771,3796903
2021-12-08 13:27:35.743319,1905.0218812594594,1918.3837581821208,1893.568843897178,1908.8395603802198,2768115
2021-12-09 13:27:35.743319,1873.3505977518632,1886.490331403429,1862.0879689076635,1877.1048073665963,1690402
2021-12-10 13:27:35.743319,1884.8798170834884,1898.1004170029116,1873.5478742954115,1888.657131346181,1647116
2021-12-13 13:27:35.743319,1868.9083325262038,1882.0169080048443,1857.672410687369,1872.6536398058154,3456566
2021-12-14 13:27:35.743319,1861.679569742934,1874.7374424766017,1850.4871073997901,1865.410390523982,4272763
2021-12-15 13:27:35.743319,1845.875102927956,1858.8221226879716,1834.777657419371,1849.5742514308176,810375
2021-12-16 13:27:35.743319,1898.8295088069158,1912.1479522554612,1887.413700136734,1902.6347783636431,2626453
2021-12-17 13:27:35.743319,1899.394573693023,1912.7169805225328,1887.975367839157,1903.2009756443115,1771300
2021-12-20 13:27:35.743319,1870.432197902774,1883.5514618159195,1859.187114548649,1874.1805590208157,4159731
2021-12-21 13:27:35.743319,1894.5999341765607,1907.8887112699833,1883.2095538107699,1898.3967276318244,4888087
2021-12-22 13:27:35.743319,1861.1508723735783,1874.205036809064,1849.961588571733,1864.88063364086,4342411
2021-12-23 13:27:35.743319,1867.9246446916638,1881.0263205562344,1856.694636807746,1871.6679806529698,1515416
2021-12-24 13:27:35.743319,1814.7231960702973,1827.4517154816117,1803.8130365748846,1818.3599159021014,2814181
2021-12-27 13:27:35.743319,1779.8162992335886,1792.2999806911387,1769.1160008414026,1783.3830653643172,3904231
2021-12-28 13:27:35.743319,1785.9724822101757,1798.499343307842,1775.2351726978902,1789.5515853809377,3765696
2021-12-29 13:27:35.743319,1806.7688306925183,1819.4415579619047,1795.9064930330444,1810.389609912343,4705003
2021-12-30 13:27:35.743319,1812.325084083096,1825.0367830696507,1801.4293420946206,1815.9569980792546,3841861
2021-12-31 13:27:35.743319,1810.08874329479,1822.7847565243123,1799.2064462409135,1813.716175646082,3115804
2022-01-03 13:27:35.743319,1802.8330028136706,1815.4781240758907,1791.9943274460534,1806.4458946028765,4812717
2022-01-04 13:27:35.743319,1764.1720524505101,1776.546004722207,1753.5658076461984,1767.7074673852808,2482243
2022-01-05 13:27:35.743319,1746.0984207567199,1758.3456040686406,1735.6008350607876,1749.5976159886973,2192128
2022-01-06 13:27:35.743319,1734.942451250774,1747.1113862795867,1724.5119355117913,1738.4192898304348,3913654
2022-01-07 13:27:35.743319,1763.5539749304176,1775.9235919890475,1752.9514460230203,1767.0881512328833,3770209
2022-01-10 13:27:35.743319,1773.5538372648423,1785.9935936384431,1762.8911889446126,1777.1080533715854,715400
2022-01-11 13:27:35.743319,1728.1297406311533,1740.2508911165419,1717.7401830722486,1731.5929264841216,3157025
2022-01-12 13:27:35.743319,1737.4195730408424,1749.605882671389,1726.9741647860878,1740.9013757924272,3824664
2022-01-13 13:27:35.743319,1728.276681687484,1740.3988628215643,1717.886240715415,1731.740162011507,4094058
2022-01-14 13:27:35.743319,1711.672468481656,1723.678187198461,1701.3818524386802,1715.1026738293147,2635219
2022-01-17 13:27:35.743319,1728.3135191361744,1740.4359586491532,1717.922856696478,1731.7770732827398,2246621
2022-01-18 13:27:35.743319,1756.12746605366,1768.4449933706694,1745.5695854962232,1759.6467595728056,4712377
2022-01-19 13:27:35.743319,1781.7219480534266,1794.218995785264,1771.0101928547085,1785.292533119666,4730339
2022-01-20 13:27:35.743319,1760.3136799005713,1772.6605694389518,1749.7306317248165,1763.841362625823,1744625
2022-01-21 13:27:35.743319,1753.0442266597959,1765.340128049193,1742.504882611741,1756.5573413424809,733782
2022-01-24 13:27:35.743319,1762.657804596233,1775.021135890996,1752.060663486436,1766.1901849661654,4235466
2022-01-25 13:27:35.743319,1789.535274796094,1802.0871254209162,1778.7765456891034,1793.1215178317575,2083246
2022-01-26 13:27:35.743319,1777.6074830983425,1790.075671857549,1766.9204641618794,1781.16982274383,1226331
2022-01-27 13:27:35.743319,1773.5504916902858,1785.9902245979329,1762.887863483731,1777.1047010924708,2294291
2022-01-28 13:27:35.743319,1745.2336443436263,1757.4747620895234,1734.741257704286,1748.7311065567399,4398606
2022-01-31 13:27:35.743319,1715.0553273395035,1727.0847735232473,1704.7443734677229,1718.4923119634304,3482448
2022-02-01 13:27:35.743319,1736.9543887398943,1749.137435554703,1726.5117771843438,1740.4352592584112,3378117
2022-02-02 13:27:35.743319,1773.538722081461,1785.9783724367414,1762.8761646340772,1777.0929078972554,4981617
2022-02-03 13:27:35.743319,1772.510098765131,1784.9425343276116,1761.8537254258615,1776.062223211554,4781772
2022-02-04 13:27:35.743319,1800.2934337140632,1812.9207423673681,1789.4700262969445,1803.901236186436,2543037
2022-02-07 13:27:35.743319,1810.991002649245,1823.6933443511934,1800.103281190432,1814.6202431355161,4886007
2022-02-08 13:27:35.743319,1794.447929384975,1807.0342375069133,1783.659665280456,1798.0440174198145,4233149
2022-02-09 13:27:35.743319,1805.1042538549889,1817.765305735735,1794.2519236714918,1808.7216972494878,3587821
2022-02-10 13:27:35.743319,1848.156945777784,1861.1199704475678,1837.0457817751117,1851.8606671120078,3304802
2022-02-11 13:27:35.743319,1848.087843397259,1861.050383381007,1836.9770948397604,1851.7914262497584,4657263
2022-02-14 13:27:35.743319,1892.9210427344442,1906.1980440361885,1881.5407559043774,1896.7144716777998,4988198
2022-02-15 13:27:35.743319,1820.889257296825,1833.661025634578,1809.9420272930363,1824.5383339647544,2113325
2022-02-16 13:27:35.743319,1844.3990794357105,1857.33574632554,1833.3105078158567,1848.095269975662,4112744
2022-02-17 13:27:35.743319,1847.7325306740624,1860.6925784844013,1836.6239182652005,1851.4354014770165,1626798
2022-02-18 13:27:35.743319,1840.383765359458,1853.2922687237026,1829.3193339043912,1844.0719091778137,3233460
2022-02-21 13:27:35.743319,1843.8403248436784,1856.7730726131228,1832.7551124698687,1847.5353956349484,4615362
2022-02-22 13:27:35.743319,1790.5753556311622,1803.134501412142,1779.8103735331792,1794.1636829971565,2203377
2022-02-23 13:27:35.743319,1785.5775451682725,1798.1016361664467,1774.8426100269803,1789.1558568820367,1752557
2022-02-24 13:27:35.743319,1796.0658000142273,1808.6634559261506,1785.2678092325787,1799.6651302747769,4798515
2022-02-25 13:27:35.743319,1837.2447242195199,1850.1312102611396,1826.1991647552743,1840.9265773742684,3832049
2022-02-28 13:27:35.743319,1823.9289965873338,1836.7220857417537,1812.9634915978309,1827.5841649171682,1990687
2022-03-01 13:27:35.743319,1802.8442551495796,1815.4894553359993,1792.0055121326482,1806.4571694885567,1423160
2022-03-02 13:27:35.743319,1790.2212290926445,1802.7778910201478,1779.4583760119272,1793.808846786217,4557025
2022-03-03 13:27:35.743319,1815.880067101538,1828.6167008387229,1804.962952469665,1819.5191053121623,4102684
2022-03-04 13:27:35.743319,1825.7694275075473,1838.575425496077,1814.792857803093,1829.4282840756987,3447893
2022-03-07 13:27:35.743319,1812.2245055238586,1824.935499049577,1801.3293682161,1815.8562179597782,4288963
2022-03-08 13:27:35.743319,1827.1440341939522,1839.9596737123463,1816.1592003210426,1830.805645484922,4374910
2022-03-09 13:27:35.743319,1830.7217243203277,1843.5624578576444,1819.7153812883419,1834.3905053309898,3651629
2022-03-10 13:27:35.743319,1858.4446882973325,1871.4798714817825,1847.2716741392321,1862.1690263500325,2759776
2022-03-11 13:27:35.743319,1839.896191614204,1852.8012751225199,1828.8346914642188,1843.5833583308658,3868045
2022-03-14 13:27:35.743319,1831.7910796002411,1844.639313625493,1820.7783075785962,1835.462003607456,4840092
2022-03-15 13:27:35.743319,1821.9595503994992,1834.7388258031028,1811.005885767839,1825.610771943386,3132578
2022-03-16 13:27:35.743319,1783.2898231534523,1795.79786800523,1772.5686418519285,1786.8635502539603,1468616
2022-03-17 13:27:35.743319,1792.1243033691198,1804.6943135129914,1781.350008960087,1795.7157348387975,4717733
2022-03-18 13:27:35.743319,1800.0555165407225,1812.6811564362986,1789.2335394873714,1803.6628422251729,1750956
2022-03-21 13:27:35.743319,1801.0939112798644,1813.7268345052742,1790.2656913723702,1804.7033179156958,1990036
2022-03-22 13:27:35.743319,1795.664954980275,1808.259799353884,1784.8693740886101,1799.2634819441635,3369729
2022-03-23 13:27:35.743319,1758.8230093751254,1771.1594433086182,1748.2489231464172,1762.3477047846948,2309377
2022-03-24 13:27:35.743319,1748.634435625957,1760.8994066173213,1738.1216033476446,1752.1387130520611,1565923
2022-03-25 13:27:35.743319,1740.5383171962037,1752.746501785756,1730.0741589765871,1744.0263699360758,2220856
2022-03-28 13:27:35.743319,1720.5780054261218,1732.6461878289101,1710.2338490808745,1724.0260575412042,1056110
2022-03-29 13:27:35.743319,1717.2788916912036,1729.3239340176947,1706.954569697068,1720.7203323559154,1464163
2022-03-30 13:27:35.743319,1728.5825911504892,1740.7069179421258,1718.190311043372,1732.0466845195283,3512539
2022-03-31 13:27:35.743319,1779.0767495858809,1791.555243821453,1768.3808973839616,1782.6420336531871,4702271
2022-04-01 13:27:35.743319,1784.633758604577,1797.1512298573143,1773.9044975308018,1788.210178962502,4542879
2022-04-04 13:27:35.743319,1792.4375849760725,1805.0097924859247,1781.661407110485,1796.0296442646018,4181887
2022-04-05 13:27:35.743319,1791.3325496729854,1803.8970064342184,1780.5630153062139,1794.922394461909,2822523
2022-04-06 13:27:35.743319,1741.3805459018718,1753.5946379071952,1730.9113241830228,1744.8702864748213,4375358
2022-04-07 13:27:35.743319,1741.558684082155,1753.7740255536728,1731.0883913922823,1745.0487816454458,1713261
2022-04-08 13:27:35.743319,1744.0045960616621,1756.237093228427,1733.519598490149,1747.4995952521665,751537
2022-04-11 13:27:35.743319,1810.5534871305374,1823.2527600863627,1799.6683960255443,1814.181850832202,2256124
2022-04-12 13:27:35.743319,1806.2397137547582,1818.908729783098,1795.3805571590383,1809.8594326199982,1341531
2022-04-13 13:27:35.743319,1815.335661693852,1828.0684769562336,1804.421820040382,1818.9736089116755,1364645
2022-04-14 13:27:35.743319,1815.2981272113457,1828.0306792058138,1804.384511216087,1818.9359992097652,1928127
2022-04-15 13:27:35.743319,1784.6450449370886,1797.1625953524788,1773.915716009611,1788.2214879129144,971082
2022-04-18 13:27:35.743319,1816.4097414820112,1829.1500903701613,1805.489442435025,1820.0498411643398,2421277
2022-04-19 13:27:35.743319,1837.9317284914746,1850.8230332003325,1826.8820387410249,1841.6149584082912,4754849
2022-04-20 13:27:35.743319,1860.7997305782815,1873.8514320953634,1849.612557849354,1864.5287881545908,3947794
2022-04-21 13:27:35.743319,1836.5072723608955,1849.3885858944886,1825.4661464749581,1840.187647656208,2115777
2022-04-22 13:27:35.743319,1876.4983510138193,1889.6601630950784,1865.2167978013113,1880.2588687513219,4004905
2022-04-25 13:27:35.743319,1838.3707086054244,1851.2650923331175,1827.318379695973,1842.0548182419082,4012664
2022-04-26 13:27:35.743319,1855.5526037677564,1868.5675017901754,1844.3969768913971,1859.2711460598762,1473181
2022-04-27 13:27:35.743319,1918.4918559534387,1931.9482116565187,1906.95783677937,1922.3365290114616,3616810
2022-04-28 13:27:35.743319,1891.1428725937828,1904.407401760272,1879.7732761653633,1894.9327380699226,1991633
2022-04-29 13:27:35.743319,1876.0844674573673,1889.2433765477494,1864.8054025227539,1879.844155768905,2033854
2022-05-02 13:27:35.743319,1879.8305604197687,1893.01574471129,1868.5289738841789,1883.597755931632,2561774
2022-05-03 13:27:35.743319,1866.6203766309636,1879.7129043227637,1855.398210037992,1870.361098828621,3290358
2022-05-04 13:27:35.743319,1824.6160093603694,1837.4139172416544,1813.6463740335535,1828.272554469308,4360562
2022-05-05 13:27:35.743319,1827.4069662554452,1840.2244499866956,1816.420551628659,1831.069104464374,3690664
2022-05-06 13:27:35.743319,1799.4183035564693,1812.039474022296,1788.6001574429033,1803.0243522609912,2265524
2022-05-09 13:27:35.743319,1813.1530284970322,1825.870534708935,1802.2523088868295,1816.786601700433,1750632
2022-05-10 13:27:35.743319,1789.2132013956925,1801.762792988648,1778.4564086017303,1792.7987989936798,2822621
2022-05-11 13:27:35.743319,1832.213844896853,1845.0650442097565,1821.1985312000784,1835.8856161291112,637478
2022-05-12 13:27:35.743319,1811.7191255270839,1824.4265743033259,1800.8270265760193,1815.3498251774388,3743087
2022-05-13 13:27:35.743319,1803.889676569541,1816.5422093711309,1793.0446484538925,1807.504685941424,1409711
2022-05-16 13:27:35.743319,1826.9502071457682,1839.7644871558084,1815.9665385657336,1830.6114300057798,4211584
2022-05-17 13:27:35.743319,1794.4257572996798,1807.01190990599,1783.6376264942708,1798.0218009014827,2119715
2022-05-18 13:27:35.743319,1801.4591175877824,1814.094602380482,1790.6287020511825,1805.0692560999823,3090310
2022-05-19 13:27:35.743319,1838.0479260875638,1850.9400458096206,1826.997537754372,1841.7313888652943,2127687
2022-05-20 13:27:35.743319,1795.155863500704,1807.7471370923922,1784.363343279257,1798.7533702411865,1460612
2022-05-23 13:27:35.743319,1801.0347450264144,1813.6672532580624,1790.2068808278586,1804.6440330925996,927387
2022-05-24 13:27:35.743319,1808.9735771844935,1821.661768607631,1798.0979845360896,1812.5987747339614,4146259
2022-05-25 13:27:35.743319,1831.228298515001,1844.0725851779316,1820.2189099467744,1834.8980947044097,2044613
2022-05-26 13:27:35.743319,1798.4634876841133,1811.0779610446227,1787.6510819465334,1802.0676229299731,1797638
2022-05-27 13:27:35.743319,1764.0738701557195,1776.447133774046,1753.4682156257252,1767.6090883323843,2654174
2022-05-30 13:27:35.743319,1778.8284201914116,1791.3051726376439,1768.134060951784,1782.393206604621,2930525
2022-05-31 13:27:35.743319,1787.663977058736,1800.2027023487271,1776.9164982387438,1791.2464699987336,3595010
2022-06-01 13:27:35.743319,1795.2909887954206,1807.883210159717,1784.4976561974522,1798.8887663280768,2956070
2022-06-02 13:27:35.743319,1805.5474508937928,1818.2116113710035,1794.6924561990406,1809.1657824587103,989626
2022-06-03 13:27:35.743319,1788.1176455424577,1800.6595528759217,1777.3674392566313,1791.7010476377332,788859
2022-06-06 13:27:35.743319,1795.2553665832343,1807.847338092335,1784.462248146862,1798.8530727286916,2046236
2022-06-07 13:27:35.743319,1804.0666460178707,1816.720420088136,1793.220553957643,1807.6820100379466,4501412
2022-06-08 13:27:35.743319,1785.7314249100848,1798.2565952250852,1774.9955646400842,1789.310045000085,2790870
2022-06-09 13:27:35.743319,1837.332351794215,1850.2194524581018,1826.286265510883,1841.0143805553255,1094305
2022-06-10 13:27:35.743319,1851.363148224597,1864.3486612882964,1840.2327084557116,1855.0732948142254,4757341
2022-06-13 13:27:35.743319,1819.4834682969022,1832.2453763911687,1808.5446899303877,1823.129727752407,4259834
2022-06-14 13:27:35.743319,1838.4097953825255,1851.3044532659699,1827.35723148243,1842.093983349224,3127988
2022-06-15 13:27:35.743319,1812.6334475219735,1825.3473093783398,1801.735851645088,1816.2659794809354,704366
2022-06-16 13:27:35.743319,1835.078023665971,1847.9493124091189,1824.0454904575583,1838.7555347354419,1002420
2022-06-17 13:27:35.743319,1868.182314843271,1881.285798013514,1856.9507578402051,1871.9261671776262,2751401
2022-06-20 13:27:35.743319,1846.248420271551,1859.1980584898884,1835.1487303701188,1849.9483169053617,2179161
2022-06-21 13:27:35.743319,1874.0583897719907,1887.2030878966439,1862.7915056651452,1877.814017807606,1538199
2022-06-22 13:27:35.743319,1886.6411053688264,1899.8740590136977,1875.298573673222,1890.421949267361,1160902
2022-06-23 13:27:35.743319,1911.0043804104982,1924.4082187500505,1899.515376119453,1914.8340485075132,2038112
2022-06-24 13:27:35.743319,1967.1402772732738,1980.9378543683767,1955.3137826203283,1971.082442157589,2226676
2022-06-27 13:27:35.743319,1960.8930955665223,1974.6468547538623,1949.1041591202306,1964.8227410486195,1870073
2022-06-28 13:27:35.743319,1939.8176775189472,1953.4236131328073,1928.1554469927812,1943.7050876943358,4653585
2022-06-29 13:27:35.743319,1915.0644387687164,1928.496754471503,1903.5510253091852,1918.902243255227,2185996
2022-06-30 13:27:35.743319,1892.7184278273223,1905.9940079824237,1881.3393591229496,1896.51145072878,3746417
2022-07-01 13:27:35.743319,1891.4762174639563,1904.7430847207174,1880.104616958161,1895.2667509658881,1202436
2022-07-04 13:27:35.743319,1902.1310658910018,1915.4726665535636,1890.6954081802342,1905.942951794591,3043788
2022-07-05 13:27:35.743319,1910.9972634354917,1924.4010518563819,1899.5083019318715,1914.8269172700318,1852144
2022-07-06 13:27:35.743319,1935.8238187199854,1949.4017412961775,1924.1855993689635,1939.703225170326,2051330
2022-07-07 13:27:35.743319,1937.1697388813034,1950.7571017792684,1925.5234278259047,1941.0518425664363,1471248
2022-07-08 13:27:35.743319,1980.8598567455006,1994.7536633559398,1968.9508796508383,1984.8295157770547,3107411
2022-07-11 13:27:35.743319,1973.9984760958316,1987.8441567898903,1962.1307497866383,1977.9543848655628,2193439
2022-07-12 13:27:35.743319,2057.2367657908085,2071.6662821841305,2044.8686088822465,2061.359484760329,2331094
2022-07-13 13:27:35.743319,2077.6734140658796,2092.246273683576,2065.1823915364253,2081.837088242364,3937172
2022-07-14 13:27:35.743319,2052.1568323165448,2066.5507179139554,2039.8192160901929,2056.2693710586623,1559325
2022-07-15 13:27:35.743319,2020.4655717508751,2034.6371739575443,2008.3184841451584,2024.5146009527807,2463571
2022-07-18 13:27:35.743319,2036.1587194340905,2050.4403938188984,2023.917284247112,2040.23919782975,4919323
2022-07-19 13:27:35.743319,2030.3599860670013,2044.6009879732826,2018.1534130044743,2034.4288437545104,1097218
2022-07-20 13:27:35.743319,2053.248386440159,2067.6499282288173,2040.9042077641661,2057.36311266549,4315144
2022-07-21 13:27:35.743319,2068.909552303844,2083.4209419492613,2056.471218322057,2073.055663631106,3936252
2022-07-22 13:27:35.743319,2067.6842235826466,2082.1870187380355,2055.2532563065984,2071.827879341329,1317052
2022-07-25 13:27:35.743319,2042.6078365055462,2056.9347451784306,2030.327629071645,2046.7012389835131,2485957
2022-07-26 13:27:35.743319,1997.716212432601,2011.7282499947532,1985.7058945221845,2001.719651736073,1928080
2022-07-27 13:27:35.743319,1985.373206938391,1999.29867031371,1973.4370954738313,1989.3519107599107,1601928
2022-07-28 13:27:35.743319,2012.0475636690844,2026.1601217308914,1999.9510853303925,2016.0797231153151,3021279
2022-07-29 13:27:35.743319,2019.5289640650603,2033.6939968791437,2007.3875073672746,2023.5761162976557,2600343
2022-08-01 13:27:35.743319,1983.1335930551109,1997.0433477158178,1971.2109462030762,1987.1078086724558,4596392
2022-08-02 13:27:35.743319,1989.2862982677827,2003.2392081754724,1977.3266612040484,1993.272843955694,3226016
2022-08-03 13:27:35.743319,2001.8178465566184,2015.8586530955924,1989.7828695232117,2005.8295055677538,1744289
2022-08-04 13:27:35.743319,1976.441152011664,1990.3039657031284,1964.5587402761228,1980.401955923511,942939
2022-08-05 13:27:35.743319,1981.994589456558,1995.896355114069,1970.0787903215487,1985.9665225015613,1552207
2022-08-08 13:27:35.743319,1984.7179965957414,1998.6388643073346,1972.7858242715185,1988.6953873704824,3782972
2022-08-09 13:27:35.743319,1951.9566551151433,1965.6477338584357,1940.2214447637496,1955.8683918989411,804224
2022-08-10 13:27:35.743319,1963.4420731715243,1977.2137109593004,1951.6378122105732,1967.3768268251747,4914473
2022-08-11 13:27:35.743319,1981.0180132304097,1994.912929154871,1969.1080852951566,1984.9879892088272,3211793
2022-08-12 13:27:35.743319,2014.4709988062605,2028.6005549101117,2002.3599507172448,2018.5080148359323,2819124
2022-08-15 13:27:35.743319,2047.5903445662484,2061.9522006904604,2035.2801821740666,2051.693732030309,4423227
2022-08-16 13:27:35.743319,2006.7141227472232,2020.7892719047686,1994.6497091836127,2010.7355939350934,2573290
2022-08-17 13:27:35.743319,1979.6721377170986,1993.5576136329498,1967.7703012177974,1983.639416550199,3018970
2022-08-18 13:27:35.743319,1996.023143959152,2010.0233062915306,1984.023004817113,2000.0231903398317,4389877
2022-08-19 13:27:35.743319,2012.471486991433,2026.5870184633168,2000.3724600155326,2016.5044959834,2227408
2022-08-22 13:27:35.743319,2029.0937758646007,2043.3258965369976,2016.8948152882604,2033.160096056714,3301742
2022-08-23 13:27:35.743319,2150.8868595678673,2165.973240346399,2137.955676043411,2155.1972540760194,3588272
2022-08-24 13:27:35.743319,2170.4697256711343,2185.693461221934,2157.420809484735,2174.8193643999343,1555675
2022-08-25 13:27:35.743319,2208.861207887382,2224.3542223715617,2195.581481186656,2213.2877834542905,4064375
2022-08-26 13:27:35.743319,2241.817943485428,2257.54211743773,2228.34008009774,2246.3105646146573,1465188
2022-08-29 13:27:35.743319,2264.9620127808003,2280.848519884473,2251.3450066919377,2269.501014810421,2661088
2022-08-30 13:27:35.743319,2255.403626481991,2271.223090795993,2241.844085641418,2259.923473428849,2820484
2022-08-31 13:27:35.743319,2282.3679692874402,2298.3765622583937,2268.6463181694794,2286.941852993427,4605223
2022-09-01 13:27:35.743319,2257.190975059871,2273.022975886944,2243.620688636666,2261.7144038676065,3322988
2022-09-02 13:27:35.743319,2250.31190198568,2266.0956528012107,2236.782972715225,2254.8215450758316,4419047
2022-09-05 13:27:35.743319,2235.105379227078,2250.782471065344,2221.667871937136,2239.584548323726,3968792
2022-09-06 13:27:35.743319,2238.971231207823,2254.675438240343,2225.510482322806,2243.458147502829,987510
2022-09-07 13:27:35.743319,2319.232627806426,2335.499790526511,2305.2893454749246,2323.8803885835932,4075168
2022-09-08 13:27:35.743319,2256.302449621194,2272.128218305911,2242.7375050342926,2260.8240978168274,4555447
2022-09-09 13:27:35.743319,2280.78867229274,2296.7861880302644,2267.076515946291,2285.35939107489,2173879
2022-09-12 13:27:35.743319,2227.390128205737,2243.013105056879,2213.999005190472,2231.8538358774917,2280752
2022-09-13 13:27:35.743319,2212.7842760560434,2228.304807050424,2199.480963775145,2217.218713483009,3793331
2022-09-14 13:27:35.743319,2250.3501694050806,2266.134188629365,2236.8210100699803,2254.8598891834476,4264455
2022-09-15 13:27:35.743319,2253.6475461886125,2269.4546933061674,2240.0985629449933,2258.1638739364853,4835518
2022-09-16 13:27:35.743319,2218.616633458712,2234.1780727715486,2205.2782569048522,2223.0627589766655,903082
2022-09-19 13:27:35.743319,2196.0368585994365,2211.439922737909,2182.834232195031,2200.4377340675715,701139
2022-09-20 13:27:35.743319,2219.6472218193558,2235.215889707868,2206.3026493434877,2224.095412644645,4404722
2022-09-21 13:27:35.743319,2196.560602835446,2211.9673405306844,2183.3548276680986,2200.9625278912285,3246866
2022-09-22 13:27:35.743319,2204.8062874309303,2220.2708605892635,2191.550939009502,2209.22473690474,1707786
2022-09-23 13:27:35.743319,2207.417391679325,2222.900279196114,2194.1463452363632,2211.841073826979,592601
2022-09-26 13:27:35.743319,2187.0404253720103,2202.380388275421,2173.8918857405156,2191.423271915842,3675684
2022-09-27 13:27:35.743319,2259.6465048311225,2275.4957288129035,2246.061455703881,2264.174854540203,3884068
2022-09-28 13:27:35.743319,2282.376381108332,2298.3850330800337,2268.654679418302,2286.9502816716754,1129085
2022-09-29 13:27:35.743319,2215.1941096116752,2230.7315432462256,2201.8763093534885,2219.633376364404,2459925
2022-09-30 13:27:35.743319,2222.5092458620793,2238.0979880675245,2209.1474668288406,2226.9631722064923,3509887
2022-10-03 13:27:35.743319,2201.656543949469,2217.0990247186533,2188.420131861596,2206.068681312093,2018087
2022-10-04 13:27:35.743319,2231.104047599208,2246.753073985174,2217.6905964112366,2235.5751979951983,2513321
2022-10-05 13:27:35.743319,2205.8407759116153,2221.3126050011756,2192.5792081205636,2210.2612985086325,3018638
2022-10-06 13:27:35.743319,2203.1489852189216,2218.601934013042,2189.903600538247,2207.5641134458133,1103103
2022-10-07 13:27:35.743319,2221.0110120551963,2236.5892456066854,2207.658240439634,2225.4619359270505,4733583
2022-10-10 13:27:35.743319,2251.167185816827,2266.956935617145,2237.6331145594113,2255.678542902632,2489968
2022-10-11 13:27:35.743319,2212.104632725573,2227.620396682566,2198.805406476722,2216.537708141857,2745854
2022-10-12 13:27:35.743319,2202.13394737483,2217.579776665034,2188.8946651260835,2206.5470414577453,3116241
2022-10-13 13:27:35.743319,2187.5948245011596,2202.938675975616,2174.4429518087677,2191.97878206529,3343586
2022-10-14 13:27:35.743319,2167.3446359005834,2182.5464519840543,2154.3145078290368,2171.6880119244324,1757008
2022-10-17 13:27:35.743319,2226.6196018628552,2242.2371742206105,2213.2331112704933,2231.0817653936424,4570211
2022-10-18 13:27:35.743319,2241.307245609709,2257.0278375127828,2227.832452549931,2245.7988432963016,4343688
2022-10-19 13:27:35.743319,2200.415108216857,2215.8488815209826,2187.186159670463,2204.8247577323214,4116984
2022-10-20 13:27:35.743319,2232.035517663941,2247.6910774070748,2218.616466455541,2236.508534733408,4817561
2022-10-21 13:27:35.743319,2305.3817945465034,2321.5518071335027,2291.521783757647,2310.001798142789,4518365
2022-10-24 13:27:35.743319,2342.5340697020856,2358.9646693893746,2328.450698541552,2347.2285267555967,1503171
2022-10-25 13:27:35.743319,2290.8953637759073,2306.9637681310487,2277.122445757215,2295.486336448805,3400737
2022-10-26 13:27:35.743319,2275.4531482352495,2291.41324045734,2261.7730691877427,2280.0131745844183,1870485
2022-10-27 13:27:35.743319,2320.268439911915,2336.5428678471685,2306.3189302531255,2324.9182764648444,2181076
2022-10-28 13:27:35.743319,2296.9171260842786,2313.027767249198,2283.108005085776,2301.5201664171127,2111935
2022-10-31 13:27:35.743319,2313.4158038194328,2329.6421671728754,2299.5074923736247,2318.0519076347023,612990
2022-11-01 13:27:35.743319,2341.623860292862,2358.0480757458176,2327.5459613331855,2346.3164932794207,1481883
2022-11-02 13:27:35.743319,2310.446253036577,2326.651787877515,2296.5557946014874,2315.0764058482737,2168321
2022-11-03 13:27:35.743319,2309.5387024160627,2325.737871671486,2295.6537001971287,2314.167036489041,3793705
2022-11-04 13:27:35.743319,2201.0374085638014,2216.47554670002,2187.804718732756,2205.4483051741495,2118702
2022-11-07 13:27:35.743319,2168.5592001071154,2183.7695351780067,2155.5217700463513,2172.90501012737,2000071
2022-11-08 13:27:35.743319,2161.4395578490744,2176.599955549418,2148.444931248779,2165.7711000491727,4259505
2022-11-09 13:27:35.743319,2122.4216275895137,2137.3083524323256,2109.661577724246,2126.674977544603,526806
2022-11-10 13:27:35.743319,2176.120889975837,2191.3842629516193,2163.037998853738,2180.4818536832036,4764423
2022-11-11 13:27:35.743319,2131.000873112856,2145.947773024469,2118.1892446171873,2135.2714159447455,2373722
2022-11-14 13:27:35.743319,2118.0399211953095,2132.8959126265386,2105.3062142542553,2122.2844901756607,2019603
2022-11-15 13:27:35.743319,2123.2590673946524,2138.151666063753,2110.4939828211377,2127.514095585824,2468541
2022-11-16 13:27:35.743319,2170.7469035844724,2185.9725832689323,2157.696320997792,2175.0970977800325,3004659
2022-11-17 13:27:35.743319,2125.5559065855014,2140.4646153491267,2112.7770133595363,2129.815537660823,2250740
2022-11-18 13:27:35.743319,2164.048618185019,2179.2273159077595,2151.038305851241,2168.385388962945,1363403
2022-11-21 13:27:35.743319,2165.463277304133,2180.651897485625,2152.4444600057113,2169.8028830702738,1379903
2022-11-22 13:27:35.743319,2134.882678599837,2149.856805604044,2122.0477125962307,2139.161000601039,1385421
2022-11-23 13:27:35.743319,2150.8072694060907,2165.8930919369946,2137.876564379601,2155.1175044149204,4778384
2022-11-24 13:27:35.743319,2158.3178415743128,2173.4563434691227,2145.341982807333,2162.643127829973,1478836
2022-11-25 13:27:35.743319,2140.0429268010075,2155.053247930874,2127.1769372611216,2144.3315899809695,3723522
2022-11-28 13:27:35.743319,2143.356202347931,2158.389762885441,2130.470293315779,2147.651505358648,2717181
2022-11-29 13:27:35.743319,2132.0697369496183,2147.0241339021704,2119.251682418859,2136.3424217932047,679830
2022-11-30 13:27:35.743319,2136.7713516282447,2151.7587258380618,2123.9250308769724,2141.053458545335,2056518
2022-12-01 13:27:35.743319,2159.178738423921,2174.3232786733874,2146.1977039243784,2163.5057499237687,3984144
2022-12-02 13:27:35.743319,2212.267898902121,2227.7848080126564,2198.9676910930903,2216.701301505131,3159083
2022-12-05 13:27:35.743319,2172.6572453882777,2187.8963242637465,2159.595177780733,2177.011267924126,4613640
2022-12-06 13:27:35.743319,2244.4184741562494,2260.160888303638,2230.924976315631,2248.916306769789,1736497
2022-12-07 13:27:35.743319,2180.7418980042976,2196.037682860039,2167.6312252708044,2185.112122248795,2047261
2022-12-08 13:27:35.743319,2176.8706474015935,2192.139279196995,2163.78324871982,2181.2331136288512,1366183
2022-12-09 13:27:35.743319,2197.264375115243,2212.6760490889974,2184.0543688520256,2201.667710536316,1122893
2022-12-12 13:27:35.743319,2207.648669717072,2223.133179424506,2194.3762328249854,2212.0728153477676,4395958
2022-12-13 13:27:35.743319,2188.217982527691,2203.5662048500294,2175.062363394258,2192.603188905502,951157
2022-12-14 13:27:35.743319,2182.4883531070545,2197.7963876478852,2169.367180643485,2186.8620772615777,1765898
2022-12-15 13:27:35.743319,2167.4918253613987,2182.6946738358774,2154.460812383274,2171.835496354107,2620539
2022-12-16 13:27:35.743319,2149.4891018423536,2164.5656787089833,2136.5663216709568,2153.7966952328193,1380412
2022-12-19 13:27:35.743319,2178.1463530052256,2193.4239326355228,2165.051284750685,2182.511375756739,3731185
2022-12-20 13:27:35.743319,2190.9373163498503,2206.3046121559114,2177.765348516084,2195.3279722944394,2741281
2022-12-21 13:27:35.743319,2169.3678389780307,2184.58384586465,2156.3255473609283,2173.715269517065,4234044
2022-12-22 13:27:35.743319,2199.9393785918633,2215.3698151150525,2186.713290143415,2204.348074741346,817875
2022-12-23 13:27:35.743319,2211.208718825308,2226.7181988170687,2197.9148788323705,2215.639998822954,1728337
2022-12-26 13:27:35.743319,2239.4543207788474,2255.1619162151715,2225.990667547712,2243.9422051892257,3166078
2022-12-27 13:27:35.743319,2261.8355231340156,2277.7001009515884,2248.2373135760954,2266.368259653322,984814
2022-12-28 13:27:35.743319,2235.0011371556097,2250.6774978370613,2221.5642565715075,2239.48009735031,1726134
2022-12-29 13:27:35.743319,2217.4081664792507,2232.961129570788,2204.077055257933,2221.85187021969,4190583
2022-12-30 13:27:35.743319,2243.5253043545213,2259.2614537838617,2230.0371762722298,2248.0213470486187,3020107
2023-01-02 13:27:35.743319,2265.2927030724786,2281.181529647135,2251.67370886563,2269.8323678080947,2130668
2023-01-03 13:27:35.743319,2265.7151653880073,2281.6069551251976,2252.0936313275583,2270.2556767414903,2099908
2023-01-04 13:27:35.743319,2270.8412695331335,2286.769013908616,2257.188917211291,2275.3920536404144,2664412
2023-01-05 13:27:35.743319,2315.939275001672,2332.1833380527855,2302.0157923864313,2320.5804358734185,2853847
2023-01-06 13:27:35.743319,2296.6275602834603,2312.7361704257287,2282.8201801615155,2301.2300203241084,3130146
2023-01-09 13:27:35.743319,2316.7103560960522,2332.9598275315952,2302.782237722729,2321.353062220493,3392478
2023-01-10 13:27:35.743319,2310.849809289582,2327.0581746854004,2296.9569246645947,2315.4807708312446,2484117
2023-01-11 13:27:35.743319,2304.468632428589,2320.632240070873,2290.6141115923447,2309.08680604067,2943282
2023-01-12 13:27:35.743319,2343.9364848066693,2360.3769210728483,2329.8446822928017,2348.633752311292,529725
2023-01-13 13:27:35.743319,2374.324603706559,2390.9781830912743,2360.050107091089,2379.0827692450493,1685574
2023-01-16 13:27:35.743319,2404.677176005751,2421.543649184148,2390.220198995696,2409.496168342436,4798859
2023-01-17 13:27:35.743319,2453.456499233163,2470.6651119532353,2438.7062597588156,2458.3732457246124,1295928
2023-01-18 13:27:35.743319,2455.457022819474,2472.679667268107,2440.694756149216,2460.377778376226,1388036
2023-01-19 13:27:35.743319,2481.9441847062153,2499.352610851449,2467.022676581729,2486.9180207477107,3471783
2023-01-20 13:27:35.743319,2471.6555694706203,2488.991830979933,2456.7959167483523,2476.60878704471,3162761
2023-01-23 13:27:35.743319,2484.9454123263713,2502.3748891663354,2470.0058607492588,2489.9252628520753,3013024
2023-01-24 13:27:35.743319,2481.3395280126383,2498.743713078859,2466.4216550987344,2486.3121523172726,3040034
2023-01-25 13:27:35.743319,2486.1951412751505,2503.6333837490242,2471.2480762975442,2491.177496267686,2898083
2023-01-26 13:27:35.743319,2509.744214752005,2527.3476310879405,2494.6555721783457,2514.773762276558,3053314
2023-01-27 13:27:35.743319,2480.369475729311,2497.766856821601,2465.457434793063,2485.340156041394,4409439
2023-01-30 13:27:35.743319,2560.732474363393,2578.6935237827756,2545.3372891467798,2565.864202768931,4411146
2023-01-31 13:27:35.743319,2523.6419580437478,2541.342853541048,2508.469761903204,2528.699356757262,2140920
2023-02-01 13:27:35.743319,2479.3346811371594,2496.7248041511475,2464.428861410884,2484.3032877125847,2207017
2023-02-02 13:27:35.743319,2524.0428298002835,2541.7465370233313,2508.8682236090995,2529.1010318640115,1189556
2023-02-03 13:27:35.743319,2555.4717739831844,2573.395924702505,2540.1082162237667,2560.5929599029905,3289247
2023-02-06 13:27:35.743319,2580.797994277756,2598.8997838167784,2565.2821746728796,2585.969934146048,3357261
2023-02-07 13:27:35.743319,2606.540423559393,2624.8227712196285,2590.869839850619,2611.7639514623174,3725830
2023-02-08 13:27:35.743319,2607.3649985429206,2625.6531297952256,2591.689457469516,2612.590178900722,2753722
2023-02-09 13:27:35.743319,2573.794622344734,2591.84729003653,2558.3209071803367,2578.9525273995328,2149729
2023-02-10 13:27:35.743319,2578.0115508777167,2596.0937962245544,2562.51248343757,2583.177906691099,1616271
2023-02-13 13:27:35.743319,2553.234430114225,2571.142888040877,2537.884323319951,2558.3511323789826,3028268
2023-02-14 13:27:35.743319,2592.150280489454,2610.331695282466,2576.5662106668724,2597.344970430315,3599555
2023-02-15 13:27:35.743319,2587.7322025232725,2605.8826287934753,2572.1746942916693,2592.918038600473,2181641
2023-02-16 13:27:35.743319,2557.165546586476,2575.101577474357,2541.7918058254354,2562.2901268401565,1016409
2023-02-17 13:27:35.743319,2546.1404131208888,2563.9991134133193,2530.8329557273764,2551.242898918726,1166165
2023-02-20 13:27:35.743319,2563.241378113225,2581.220025053899,2547.8311093069333,2568.378134381989,3288363
2023-02-21 13:27:35.743319,2542.9294738638246,2560.7656525382195,2527.6413207143423,2548.0255249136517,4976321
2023-02-22 13:27:35.743319,2513.015550796535,2530.641912375268,2497.9072408719067,2518.0516541047446,4210388
2023-02-23 13:27:35.743319,2523.479630533525,2541.1793874611144,2508.3084103098763,2528.5367039414077,3735192
2023-02-24 13:27:35.743319,2534.035910892864,2551.8097098670623,2518.801226057837,2539.1141391712067,3267891
2023-02-27 13:27:35.743319,2516.097539543993,2533.745518278269,2500.970700628899,2521.1398191823578,3763050
2023-02-28 13:27:35.743319,2499.632025415231,2517.1645145714497,2484.6041775670433,2504.6413080312936,2240687
2023-03-01 13:27:35.743319,2509.602264595786,2527.204685289343,2494.5144754298794,2514.631527651088,2435090
2023-03-02 13:27:35.743319,2456.906443166275,2474.1392538898863,2442.135462546037,2461.8301033730213,1245182
2023-03-03 13:27:35.743319,2406.7831384152846,2423.664382873107,2392.3135003085795,2411.60635111752,4437270
2023-03-06 13:27:35.743319,2382.176094136841,2398.8847440957165,2367.854394172091,2386.9499941250915,916978
2023-03-07 13:27:35.743319,2375.748837843409,2392.4124068463184,2361.465778698058,2380.509857558526,1533316
2023-03-08 13:27:35.743319,2388.0480133436176,2404.797849108553,2373.6910112593873,2392.8336807050277,3121038
2023-03-09 13:27:35.743319,2442.7064970384613,2459.839708941536,2428.020886835825,2447.6017004393398,3880355
2023-03-10 13:27:35.743319,2475.5721450464675,2492.9358775267533,2460.688945777651,2480.5332114694065,2270485
2023-03-13 13:27:35.743319,2470.875301820831,2488.206090510957,2456.020340086437,2475.8269557322956,4368452
2023-03-14 13:27:35.743319,2471.4059962782294,2488.7405072741685,2456.5478439959957,2476.3587137056406,4505605
2023-03-15 13:27:35.743319,2435.7367499455745,2452.8210758469963,2421.09304203007,2440.6179859174094,2701044
2023-03-16 13:27:35.743319,2436.2782816249637,2453.366405844778,2421.63131800798,2441.160602830625,1812743
2023-03-17 13:27:35.743319,2426.9654740228943,2443.988277948906,2412.3744992291695,2431.8291322874693,3241094
2023-03-20 13:27:35.743319,2439.962033796585,2457.0759959574825,2425.2929233729583,2444.851737271127,2427205
2023-03-21 13:27:35.743319,2411.0781560313035,2427.9895258631864,2396.582696175404,2415.90997598327,4234445
2023-03-22 13:27:35.743319,2431.1495536205766,2448.201704798276,2416.5334240396915,2436.021596814205,604195
2023-03-23 13:27:35.743319,2488.9359666555565,2506.393433355545,2473.9724237698515,2493.9238142841245,4601036
2023-03-24 13:27:35.743319,2486.1215713671554,2503.55929781963,2471.1749486936055,2491.1037789250054,1838486
2023-03-27 13:27:35.743319,2502.398245207052,2519.9501367064995,2487.3537667789533,2507.413071349751,2665251
2023-03-28 13:27:35.743319,2529.702558455831,2547.445963174459,2514.493925839864,2534.7721026611534,1977852
2023-03-29 13:27:35.743319,2515.7813290579934,2533.427089883049,2500.6563912079455,2520.8229750080095,3714850
2023-03-30 13:27:35.743319,2525.514514653873,2543.228544315774,2510.331060657958,2530.575665985845,2220023
2023-03-31 13:27:35.743319,2527.254905672118,2544.9811424854493,2512.060988403548,2532.3195447616413,3170308
2023-04-03 13:27:35.743319,2532.2262021639513,2549.9873077903517,2517.0023973413226,2537.3008037714944,4062169
2023-04-04 13:27:35.743319,2504.2860673986816,2521.851200135947,2489.2302393381683,2509.304676752186,4527446
2023-04-05 13:27:35.743319,2506.459860663305,2524.0402404475158,2491.390963705409,2511.4828263159366,986275
2023-04-06 13:27:35.743319,2526.5160991973803,2544.2371540013696,2511.3266236511035,2531.579257712806,798871
2023-04-07 13:27:35.743319,2583.405453989418,2601.525532324013,2567.8739582740513,2588.582619227874,1657655
2023-04-10 13:27:35.743319,2622.1577155012674,2640.549603285344,2606.3932402577725,2627.412540582432,3449281
2023-04-11 13:27:35.743319,2709.5844163583834,2728.5895174751254,2693.2943296868903,2715.014445248881,1794929
2023-04-12 13:27:35.743319,2679.9149469096255,2698.7119455352436,2663.803233801952,2685.2855179455164,3004594
2023-04-13 13:27:35.743319,2716.5694898627753,2735.6235844810512,2700.2374087613957,2722.0135168965685,1743294
2023-04-14 13:27:35.743319,2725.4130576808057,2744.529181331873,2709.0278088370333,2730.8748072953963,4067675
2023-04-17 13:27:35.743319,2817.8298766986977,2837.594214511213,2800.889015716541,2823.4768303594165,1396816
2023-04-18 13:27:35.743319,2785.263734627868,2804.7996526062198,2768.518662074995,2790.8454254788257,4307085
2023-04-19 13:27:35.743319,2751.7766001735326,2771.077638451303,2735.232853078301,2757.29118253861,2914802
2023-04-20 13:27:35.743319,2728.510483429308,2747.6483325114773,2712.1066127874483,2733.978440309928,943031
2023-04-21 13:27:35.743319,2644.2762912240896,2662.8233193188476,2628.3788385714397,2649.575442108306,1590668
2023-04-24 13:27:35.743319,2624.8167619665983,2643.227300377185,2609.0363004718088,2630.0769157981945,3290373
2023-04-25 13:27:35.743319,2596.3954005892756,2614.6065907737693,2580.7858090025666,2601.5985977848454,4183444
2023-04-26 13:27:35.743319,2603.5606932261253,2621.822140974204,2587.908023727772,2608.7782497255766,4416643
2023-04-27 13:27:35.743319,2618.2504961096665,2636.6149785473094,2602.509511163116,2623.4974910918504,3787058
2023-04-28 13:27:35.743319,2694.3282293470484,2713.2263231400634,2678.1298632387493,2699.7276847164812,3703503
2023-05-01 13:27:35.743319,2734.3814934638763,2753.5605219751455,2717.9423261685024,2739.8612158956676,2285516
2023-05-02 13:27:35.743319,2712.177208955384,2731.2004959921446,2695.8715343524455,2717.6124338230297,4658179
2023-05-03 13:27:35.743319,2677.210757450311,2695.988788815193,2661.1153019946983,2682.575909268849,790998
2023-05-04 13:27:35.743319,2698.387245275277,2717.313809119893,2682.1644762656065,2703.7948349451676,2328022
2023-05-05 13:27:35.743319,2646.7984561746416,2665.363174805125,2630.8858402056558,2652.1026614976367,3548593
2023-05-08 13:27:35.743319,2721.8795735832987,2740.9709132777703,2705.515568130894,2727.3342420674335,1909854
2023-05-09 13:27:35.743319,2771.848048243754,2791.289868221415,2755.1836311200436,2777.402853951657,681360
2023-05-10 13:27:35.743319,2753.785824478069,2773.1009555114824,2737.2299978780006,2759.3044333447588,2944026
2023-05-11 13:27:35.743319,2685.265512627544,2704.100040271224,2669.121631790104,2690.646806240024,3015419
2023-05-12 13:27:35.743319,2741.7261288125765,2760.9566728022437,2725.2428053928616,2747.2205699524816,4638286
2023-05-15 13:27:35.743319,2738.388471788022,2757.5956053576774,2721.925214442603,2743.876224236495,1791210
2023-05-16 13:27:35.743319,2791.1029577456216,2810.679832198747,2774.322779642943,2796.6963504465148,3143061
2023-05-17 13:27:35.743319,2726.504615433337,2745.6283953011057,2710.1128041181064,2731.968552538414,4084197
2023-05-18 13:27:35.743319,2703.452886525493,2722.4149809199603,2687.199662758807,2708.870627781055,811955
2023-05-19 13:27:35.743319,2705.017707098192,2723.990777188059,2688.7550755925918,2710.4385842667257,2627599
2023-05-22 13:27:35.743319,2708.2784297385347,2727.274370628484,2691.9961946900066,2713.7058414213775,2725198
2023-05-23 13:27:35.743319,2691.4018324354047,2710.2794003983786,2675.221059895713,2696.795423281969,2065070
2023-05-24 13:27:35.743319,2718.0234249929786,2737.087717553049,2701.6826027986317,2723.470365724427,4331342
2023-05-25 13:27:35.743319,2676.1805971632484,2694.951402954974,2660.0913350560545,2681.543684532313,4882794
2023-05-26 13:27:35.743319,2671.806767328124,2690.5468949546735,2655.743800791081,2677.161089507138,4290328
2023-05-29 13:27:35.743319,2677.9708706133365,2696.7542334332693,2661.8708453391077,2683.337545704746,4396892
2023-05-30 13:27:35.743319,2700.0652852203348,2719.0036188842046,2683.83242779416,2705.476237695726,2763089
2023-05-31 13:27:35.743319,2730.4056164117287,2749.5567580098063,2713.990352184804,2735.8773711540366,3962092
2023-06-01 13:27:35.743319,2686.0737212951367,2704.913917737086,2669.924981487751,2691.456634564265,4937610
2023-06-02 13:27:35.743319,2626.2811435304993,2644.70195315446,2610.4918781385322,2631.544231994488,3739536
2023-06-05 13:27:35.743319,2678.438522840134,2697.225165785906,2662.335686029472,2683.8061351103547,2826133
2023-06-06 13:27:35.743319,2693.169342081417,2712.059307406637,2676.977943231228,2698.56647503148,2239461
2023-06-07 13:27:35.743319,2664.4333173709247,2683.121727412604,2648.4146801923416,2669.7728630971187,2650224
2023-06-08 13:27:35.743319,2728.5181939999857,2747.656097164314,2712.1142770019896,2733.986166332651,4502713
2023-06-09 13:27:35.743319,2734.6235788514305,2753.8043053564,2718.1829561328846,2740.103786424279,1087100
2023-06-12 13:27:35.743319,2784.82003814183,2804.3528440205805,2768.0776331029015,2790.4008398214733,3915871
2023-06-13 13:27:35.743319,2789.0360385912354,2808.598415615422,2772.268286856218,2794.6252891695744,2881732
2023-06-14 13:27:35.743319,2878.0335020120015,2898.2201097415445,2860.730695386679,2883.8011042204425,2377971
2023-06-15 13:27:35.743319,2956.296675130043,2977.032222951596,2938.5233484258542,2962.2211173647725,2849316
2023-06-16 13:27:35.743319,2946.750092555173,2967.418680378706,2929.0341601350015,2952.655403361897,4541059
2023-06-19 13:27:35.743319,2991.5045768493615,3012.487073881371,2973.5195793933535,2997.4995760013644,3366757
2023-06-20 13:27:35.743319,3022.115561045649,3043.312764379636,3003.9465296165167,3028.1719048553596,1836921
2023-06-21 13:27:35.743319,3086.342017074797,3107.989706573317,3067.7868546474933,3092.5270712172314,2747939
2023-06-22 13:27:35.743319,3043.5138648306997,3064.8611564677885,3025.2161862846237,3049.6130910127254,4854685
2023-06-23 13:27:35.743319,3076.533562329868,3098.11245505162,3058.0373685683658,3082.6989602503686,2077969
2023-06-26 13:27:35.743319,3127.3308078898435,3149.2659939171263,3108.5292198664574,3133.5980038976386,4434999
2023-06-27 13:27:35.743319,3047.4304843594714,3068.80524727582,3029.1092590026005,3053.537559478428,4763224
2023-06-28 13:27:35.743319,2995.316474844076,3016.325708635567,2977.3085601656544,3001.319113070216,3247176
2023-06-29 13:27:35.743319,2906.534305293147,2926.9208184565255,2889.060151153108,2912.3590233398268,3528149
2023-06-30 13:27:35.743319,2896.26017096731,2916.5746210642747,2878.8477851699113,2902.064299566443,3138509
2023-07-03 13:27:35.743319,2929.065535704632,2949.6100835502557,2911.455923265526,2934.9354065176676,4151387
2023-07-04 13:27:35.743319,2997.3207255706257,3018.344017232944,2979.3007612886377,3003.327380331288,2604683
2023-07-05 13:27:35.743319,3002.1545668809545,3023.2117632418426,2984.1055414287644,3008.170908698351,3027419
2023-07-06 13:27:35.743319,3077.9366480895033,3099.525382094139,3059.4320189426726,3084.1048578051136,2211672
2023-07-07 13:27:35.743319,3016.381490877827,3037.5384752827817,2998.2469328164375,3022.4263435649573,3712883
2023-07-10 13:27:35.743319,2941.7575079800176,2962.3910776752678,2924.071591098374,2947.652813607232,3528631
2023-07-11 13:27:35.743319,2940.7774321270986,2961.4041275428194,2923.097407485052,2946.6707736744474,3071165
2023-07-12 13:27:35.743319,2959.247345473871,2980.00358938,2941.456279268617,2965.177700875622,2278539
2023-07-13 13:27:35.743319,2959.2756915847426,2980.0321343112887,2941.4844549619884,2965.206103792327,4524733
2023-07-14 13:27:35.743319,2870.346941779192,2890.479635759607,2853.0903469388363,2876.0991400593107,1914022
2023-07-17 13:27:35.743319,2867.946038435851,2888.0618924128553,2850.703877884132,2873.6934252864235,4301250
2023-07-18 13:27:35.743319,2813.7808156939363,2833.5167532789637,2796.8642977639124,2819.419655003944,1452246
2023-07-19 13:27:35.743319,2843.6093786683437,2863.554534630947,2826.513530700398,2849.307994657659,519675
2023-07-20 13:27:35.743319,2860.719386450583,2880.784552487811,2843.520672704387,2866.452291032648,573997
2023-07-21 13:27:35.743319,2822.0820556429026,2841.8762183578324,2805.1156304586766,2827.737530704311,1467561
2023-07-24 13:27:35.743319,2801.8136128350156,2821.4656121234375,2784.9690420163683,2807.4284697745647,2498671
2023-07-25 13:27:35.743319,2759.028771851775,2778.380677065164,2742.441424526013,2764.5578876270292,986799
2023-07-26 13:27:35.743319,2757.8145520073185,2777.157940648652,2741.2345046004607,2763.341234476271,2738057
2023-07-27 13:27:35.743319,2799.009688358502,2818.642020841978,2782.1819748012363,2804.6189262109237,4964344
2023-07-28 13:27:35.743319,2759.3076069140593,2778.661467884398,2742.718583225197,2764.837281477013,2909029
2023-07-31 13:27:35.743319,2781.63943562853,2801.1499326720163,2764.9161524483984,2787.2138633552404,4421451
2023-08-01 13:27:35.743319,2760.9825552445323,2780.348164349454,2744.383461726028,2766.515586417367,1066088
2023-08-02 13:27:35.743319,2729.704938362494,2748.8511653850765,2713.293886628852,2735.1752889403747,2262999
2023-08-03 13:27:35.743319,2726.6890385783126,2745.8141119951943,2710.2961185066997,2732.1533452688504,1158003
2023-08-04 13:27:35.743319,2686.017012729643,2704.856811416123,2669.8686138555167,2691.3998123543515,2900081
2023-08-07 13:27:35.743319,2665.1349449882678,2683.8282762657404,2649.1120896075768,2670.4758967818316,1305113
2023-08-08 13:27:35.743319,2618.984177200984,2637.3538056983857,2603.2387813460687,2624.232642485956,2963160
2023-08-09 13:27:35.743319,2698.6655253518556,2717.594041060736,2682.441083315672,2704.07367269725,1433396
2023-08-10 13:27:35.743319,2701.4437551838737,2720.391757474742,2685.2026103631288,2706.857470124122,3662801
2023-08-11 13:27:35.743319,2674.5749529215686,2693.3344966795353,2658.495343986169,2679.934822566702,4534464
2023-08-14 13:27:35.743319,2684.5152463901422,2703.344511645383,2668.375876171364,2689.895036463068,2103546
2023-08-15 13:27:35.743319,2681.3361924189117,2700.143159700407,2665.2159347490588,2686.7096116421963,2592101
2023-08-16 13:27:35.743319,2673.8000641025574,2692.554172768607,2657.7251138173715,2679.158380864286,2459310
2023-08-17 13:27:35.743319,2699.8958711932464,2718.8330165823772,2683.664032288277,2705.3064841615696,1956081
2023-08-18 13:27:35.743319,2732.1144185122753,2751.277545696229,2715.688880926029,2737.5895977076907,615359
2023-08-21 13:27:35.743319,2711.815412375627,2730.836161761027,2695.511912902427,2717.249912200027,2663859
2023-08-22 13:27:35.743319,2689.838167084148,2708.704767454478,2673.6667953381516,2695.228624332814,4945655
2023-08-23 13:27:35.743319,2680.1030771639375,2698.901395340438,2663.990233012651,2685.474025214366,4235444
2023-08-24 13:27:35.743319,2590.4366129702794,2608.606008051233,2574.862845758033,2595.6278687076947,4041483
2023-08-25 13:27:35.743319,2533.4919588703056,2551.2619425497564,2518.260544287919,2538.5690970644346,3092631
2023-08-28 13:27:35.743319,2587.26591280841,2605.413068509471,2571.7112079217864,2592.450814437285,2184351
2023-08-29 13:27:35.743319,2653.22585039251,2671.835650946365,2637.2745927749197,2658.54293626504,2012760
2023-08-30 13:27:35.743319,2644.6551034271756,2663.2047885213537,2628.755373346451,2649.9550134540837,1962436
2023-08-31 13:27:35.743319,2668.9603527044974,2687.6805154990175,2652.914498880623,2674.308970645789,4057689
2023-09-01 13:27:35.743319,2682.7912611925526,2701.6084343672496,2666.6622556142406,2688.167596385323,4946228
2023-09-04 13:27:35.743319,2811.001934234933,2830.718380667442,2794.1021230070673,2816.635204644221,3380593
2023-09-05 13:27:35.743319,2860.03711977727,2880.09750037691,2842.8425078347213,2865.768657091453,2363236
2023-09-06 13:27:35.743319,2855.9822795491204,2876.014219385637,2838.8120454035343,2861.705690930982,2846582
2023-09-07 13:27:35.743319,2816.7471695825247,2836.5039132569514,2799.812817861588,2822.391953489504,4073465
2023-09-08 13:27:35.743319,2751.0593024692107,2770.3553096007577,2734.5198677850267,2756.5724473639384,4267255
2023-09-11 13:27:35.743319,2760.8483148145338,2780.212982353313,2744.250028352723,2766.3810769684706,2099792
2023-09-12 13:27:35.743319,2731.0679734497303,2750.223760838656,2714.648727116365,2736.541055560852,4974770
2023-09-13 13:27:35.743319,2674.7580458841253,2693.5188738612683,2658.677336189431,2680.1182824490234,950930
2023-09-14 13:27:35.743319,2650.266849509893,2668.855895548539,2634.333381476767,2655.5780055209348,2902187
2023-09-15 13:27:35.743319,2608.9220094100483,2627.2210615802587,2593.2371075498677,2614.1503100301084,3998408
2023-09-18 13:27:35.743319,2677.127087676355,2695.904532179095,2661.0321352454353,2682.492071819995,2865600
2023-09-19 13:27:35.743319,2714.122871722461,2733.159805692458,2697.8054997481777,2719.561995713889,4177361
2023-09-20 13:27:35.743319,2715.155548644197,2734.199725839096,2698.8319681914263,2720.596742128454,3538915
2023-09-21 13:27:35.743319,2777.492121951178,2796.973529620174,2760.7937725206098,2783.058238428034,591006
2023-09-22 13:27:35.743319,2782.1080473550896,2801.6218312543733,2765.381946869989,2787.6834141834565,4651785
2023-09-25 13:27:35.743319,2747.769983838332,2767.0429195967167,2731.250324616859,2753.276536912156,4578584
2023-09-26 13:27:35.743319,2812.676521891624,2832.4047139289396,2795.766643002496,2818.313148188,4823654
2023-09-27 13:27:35.743319,2836.9234693508724,2856.8217301579425,2819.8678172305267,2842.608686724321,1188725
2023-09-28 13:27:35.743319,2794.523159551057,2814.124023395603,2777.722419112874,2800.1234063637844,3403030
2023-09-29 13:27:35.743319,2787.9495771649645,2807.5043337182256,2771.188357262169,2793.5366504658964,1288768
2023-10-02 13:27:35.743319,2752.947437770449,2772.2566883359727,2736.3966515714283,2758.464366503456,706487
2023-10-03 13:27:35.743319,2697.782494708897,2716.7048168160736,2681.5633614741746,2703.188872453805,4137820
2023-10-04 13:27:35.743319,2736.891536094285,2756.0881701149865,2720.4372783622557,2742.3762886716286,3784321
2023-10-05 13:27:35.743319,2817.8214477300216,2837.585726421514,2800.8806374230276,2823.4683844990195,1178841
2023-10-06 13:27:35.743319,2760.7034943757058,2780.067146139864,2744.106078577856,2766.2359663083225,3439302
2023-10-09 13:27:35.743319,2785.5074779312877,2805.0451055320077,2768.760939987813,2791.089657245779,3952501
2023-10-10 13:27:35.743319,2759.833733779956,2779.1912850188933,2743.241547003724,2765.364462705367,545232
2023-10-11 13:27:35.743319,2741.111666374984,2760.3379005078746,2724.6320371182205,2746.6048761272386,2945840
2023-10-12 13:27:35.743319,2718.221067140734,2737.286745968374,2701.8790567170417,2723.668403948631,1879904
2023-10-13 13:27:35.743319,2684.5625347724294,2703.392131709711,2668.4228802547595,2689.942419611653,4349033
2023-10-16 13:27:35.743319,2687.860730595754,2706.7134611710744,2671.7012472454785,2693.2472250458454,1937188
2023-10-17 13:27:35.743319,2655.894097893422,2674.5226136101087,2639.9267987076896,2661.2165309553325,2156321
2023-10-18 13:27:35.743319,2668.0242318771393,2686.7378286939124,2651.9840060341908,2673.370973824789,1038645
2023-10-19 13:27:35.743319,2667.3477823603002,2686.0566345411835,2651.3116233481137,2672.6931686976955,2071951
2023-10-20 13:27:35.743319,2659.133766537942,2677.785005381394,2643.146990386411,2664.4626919217853,3329455
2023-10-23 13:27:35.743319,2624.490975512903,2642.8992288481636,2608.712472654108,2629.7504764658347,3003292
2023-10-24 13:27:35.743319,2603.184213483805,2621.443020592408,2587.5338073907155,2608.4010155148344,2690421
2023-10-25 13:27:35.743319,2634.16504702037,2652.6411545646006,2618.328383411029,2639.44393489015,3866823
2023-10-26 13:27:35.743319,2655.3594176010492,2673.9841830551645,2639.395332926093,2660.680779159368,3110469
2023-10-27 13:27:35.743319,2618.01576887158,2636.378604925789,2602.276195110829,2623.262293458497,2667354
2023-10-30 13:27:35.743319,2623.2307670476125,2641.6301812453407,2607.459840592416,2628.4877425326777,1597353
2023-10-31 13:27:35.743319,2654.2907516533282,2672.908021454504,2638.3330918237493,2659.6099715965215,4885010
2023-11-01 13:27:35.743319,2589.944386108532,2608.110328696467,2574.3735781760156,2595.1346554193706,1324255
2023-11-02 13:27:35.743319,2612.4456306022335,2630.769397550345,2596.739544646709,2617.680992587408,3971750
2023-11-03 13:27:35.743319,2587.9018462646463,2606.053462420811,2572.343318130791,2593.088022309265,4975156
2023-11-06 13:27:35.743319,2611.452107023289,2629.7689053691433,2595.7519941554133,2616.6854779792475,3265331
2023-11-07 13:27:35.743319,2583.015570382571,2601.132914062609,2567.486418656824,2588.1919542911533,1088158
2023-11-08 13:27:35.743319,2515.280455883313,2532.922703569869,2500.158529294836,2520.321098079472,3130723
2023-11-09 13:27:35.743319,2455.8456790310497,2473.071049525255,2441.081075750302,2460.7672134579657,4331661
2023-11-10 13:27:35.743319,2458.8467722036553,2476.0931924495726,2444.0641262785834,2463.774320845346,1365139
2023-11-13 13:27:35.743319,2469.6792545880876,2487.0016541693667,2454.83148351842,2474.6285116113104,2078638
2023-11-14 13:27:35.743319,2437.6233710890942,2454.7209298041475,2422.968320761905,2442.508387864824,4266484
2023-11-15 13:27:35.743319,2462.3161300365064,2479.5868844556,2447.5126262487115,2467.2506312991045,3401717
2023-11-16 13:27:35.743319,2402.907884160282,2419.761947476035,2388.4615441753504,2407.7233308219256,2711738
2023-11-17 13:27:35.743319,2401.7278728977712,2418.573659581423,2387.288627168927,2406.5409548073862,789768
2023-11-20 13:27:35.743319,2359.6733120559124,2376.2241268699318,2345.4868993581817,2364.4021162884897,3139929
2023-11-21 13:27:35.743319,2337.882583196467,2354.2805572269026,2323.8271768846644,2342.5677186337343,3633211
2023-11-22 13:27:35.743319,2340.7154273228225,2357.1332710014394,2326.642989884008,2345.4062398024275,2768185
2023-11-23 13:27:35.743319,2311.8554340593664,2328.0708529355343,2297.95650359408,2316.488410881129,3727544
2023-11-24 13:27:35.743319,2299.707836299789,2315.838051584457,2285.8819374843597,2304.3164692382657,2226199
2023-11-27 13:27:35.743319,2335.8514686272856,2352.235196363148,2321.8082734251175,2340.532533694675,4970013
2023-11-28 13:27:35.743319,2316.883818838113,2333.1345069461954,2302.954657602613,2321.5268725832793,4868327
2023-11-29 13:27:35.743319,2347.282985644237,2363.7468943611807,2333.171063886857,2351.986959563364,943945
2023-11-30 13:27:35.743319,2308.9961895869374,2325.191553642156,2295.1144489681783,2313.623436459857,521253
2023-12-01 13:27:35.743319,2328.583034289924,2344.91578102342,2314.583537089784,2333.249533356637,4103110
2023-12-04 13:27:35.743319,2380.673598229614,2397.371709640042,2366.36093130639,2385.444487204022,2776787
2023-12-05 13:27:35.743319,2295.174337325925,2311.2727545215976,2281.3756940153485,2299.7738850961173,2754614
2023-12-06 13:27:35.743319,2269.0366899677965,2284.9517769715785,2255.3951868216977,2273.583857683163,4352666
2023-12-07 13:27:35.743319,2289.90757772462,2305.9690537206843,2276.140598299422,2294.4965708663526,1450162
2023-12-08 13:27:35.743319,2284.085617561825,2300.106258165966,2270.3536399011327,2288.6629434487227,1774634
2023-12-11 13:27:35.743319,2297.9857192677828,2314.1038555752716,2284.170173861363,2302.5909010699224,3255063
2023-12-12 13:27:35.743319,2278.3994189013274,2294.3801763485308,2264.701626803724,2282.9653496005285,1728807
2023-12-13 13:27:35.743319,2282.501598923252,2298.5111291762205,2268.7791444207073,2287.0757504241,622775
2023-12-14 13:27:35.743319,2278.3166878044053,2294.296864973374,2264.6193930881464,2282.882452709825,4963158
2023-12-15 13:27:35.743319,2319.7365110261444,2336.0072079972692,2305.790199336608,2324.385281589323,914600
2023-12-18 13:27:35.743319,2329.7708591853957,2346.1119373560346,2315.7642207534195,2334.439738662721,2769070
2023-12-19 13:27:35.743319,2342.769927407612,2359.202181407465,2328.685138264881,2347.464857121856,4913359
2023-12-20 13:27:35.743319,2329.505013575963,2345.8442270980386,2315.4999734141834,2334.173360296556,2533901
2023-12-21 13:27:35.743319,2313.6855079332427,2329.9137629989063,2299.775575019816,2318.322152237718,3331569
2023-12-22 13:27:35.743319,2299.871698929879,2316.003063551632,2286.044814968377,2304.48066025038,1948763
2023-12-25 13:27:35.743319,2314.676924715573,2330.912133606363,2300.7610313806094,2319.3155558272274,3019507
2023-12-26 13:27:35.743319,2301.256672860131,2317.397751727887,2287.421462402054,2305.86840967949,1756715
2023-12-27 13:27:35.743319,2312.4370677357338,2328.6565662068256,2298.5346404747975,2317.0712101560457,580257
2023-12-28 13:27:35.743319,2386.7509073606516,2403.4916451878303,2372.4017035087836,2391.533975311274,2026534
2023-12-29 13:27:35.743319,2419.3522973287886,2436.321702219872,2404.8070931364314,2424.200698726241,1324143
2024-01-01 13:27:35.743319,2408.7537694178186,2425.648835936781,2394.2722838301365,2413.5809312803794,3514938
2024-01-02 13:27:35.743319,2453.775145802036,2470.9859935180825,2439.022990616854,2458.6925308637637,4302986
2024-01-03 13:27:35.743319,2440.020848822027,2457.135223513163,2425.3513848010525,2444.9106701623514,871616
2024-01-04 13:27:35.743319,2367.7371637897345,2384.3445386860553,2353.50227102146,2372.4821280458264,2460155
2024-01-05 13:27:35.743319,2333.3696421238797,2349.735962259017,2319.3413677223334,2338.045733591062,4124064
2024-01-08 13:27:35.743319,2269.935784577912,2285.857177856514,2256.2888760533956,2274.484754086084,1275158
2024-01-09 13:27:35.743319,2259.1278689249666,2274.973455179951,2245.545937849265,2263.6551792835335,3210527
2024-01-10 13:27:35.743319,2260.8822558211896,2276.7401473950854,2247.2897773292784,2265.41308198516,2268967
2024-01-11 13:27:35.743319,2319.616048097201,2335.885900137963,2305.6704606336907,2324.2645772517044,1416383
2024-01-12 13:27:35.743319,2332.1849759569886,2348.542986810394,2318.1638237969264,2336.858693343676,779215
2024-01-15 13:27:35.743319,2325.695369890786,2342.00786246517,2311.713233398457,2330.356082054896,3343236
2024-01-16 13:27:35.743319,2355.9879751835624,2372.5129409413626,2341.8237188197336,2360.7093939715055,4237859
2024-01-17 13:27:35.743319,2280.2683473100087,2296.2622134735057,2266.5593191698686,2284.8380233567223,773349
2024-01-18 13:27:35.743319,2289.486028336627,2305.544547573457,2275.721583276487,2294.074176690007,4618893
2024-01-19 13:27:35.743319,2317.271297329531,2333.524703222624,2303.339806564023,2321.9151275847007,2460584
2024-01-22 13:27:35.743319,2267.576261423766,2283.4811049407663,2253.9435384091944,2272.1205024286232,4233003
2024-01-23 13:27:35.743319,2307.9688348820127,2324.1569930425076,2294.0932707444454,2312.5940229278685,1916207
2024-01-24 13:27:35.743319,2320.8773715584443,2337.156070557351,2306.9242009879526,2325.528428415275,1078688
2024-01-25 13:27:35.743319,2307.618344278984,2323.8040440885557,2293.744887299351,2312.2428299388616,4726156
2024-01-26 13:27:35.743319,2330.7910138028774,2347.1392473666247,2316.778242176808,2335.461937678234,2974653
2024-01-29 13:27:35.743319,2412.75221473202,2429.6753264585973,2398.246690394954,2417.587389511042,3702209
2024-01-30 13:27:35.743319,2420.553147892814,2437.5309755834446,2406.0007241579874,2425.403955804423,4727995
2024-01-31 13:27:35.743319,2430.7975086124193,2447.8471905365545,2416.1834955345894,2435.6688463050295,1032726
2024-02-01 13:27:35.743319,2415.313235562825,2432.2543103613616,2400.7923143069365,2420.1535426481214,4452255
2024-02-02 13:27:35.743319,2385.911704465438,2402.646556099965,2371.5675459215577,2390.6930906467314,4317242
2024-02-05 13:27:35.743319,2417.022364230617,2433.9754269055807,2402.491167652076,2421.8660964234637,739968
2024-02-06 13:27:35.743319,2387.376578525367,2404.121704827649,2373.023613123411,2392.160900326019,788963
2024-02-07 13:27:35.743319,2391.1360571749415,2407.9075525659478,2376.7604896969356,2395.927913000943,3092536
2024-02-08 13:27:35.743319,2375.2524558438117,2391.9125432094493,2360.972380958979,2380.0124808054225,3475635
2024-02-09 13:27:35.743319,2393.575866944137,2410.364475229316,2379.185631271126,2398.372612168474,3801017
2024-02-12 13:27:35.743319,2406.7886727504842,2423.6699560262887,2392.319001371223,2411.611896543571,1019165
2024-02-13 13:27:35.743319,2445.761330718417,2462.9159693106303,2431.057354782234,2450.662656030478,4914084
2024-02-14 13:27:35.743319,2428.335907859383,2445.368324046773,2413.736693984477,2433.2023124843518,3940866
2024-02-15 13:27:35.743319,2419.735138195064,2436.707228342724,2405.1876323542115,2424.584306808681,4378363
2024-02-16 13:27:35.743319,2385.6619462169106,2402.3950460400747,2371.3192892256266,2390.4428318806717,3743484
2024-02-19 13:27:35.743319,2371.00100869677,2387.631276292839,2356.7464936144247,2375.7525137242183,3524243
2024-02-20 13:27:35.743319,2385.650276766994,2402.3832947403093,2371.307689932724,2390.4311390450844,1527557
2024-02-21 13:27:35.743319,2414.100053886131,2431.03261939435,2399.586426307657,2418.937929745622,2496170
2024-02-22 13:27:35.743319,2382.1277223664424,2398.836033044363,2367.8063132139387,2386.901525417277,4388577
2024-02-23 13:27:35.743319,2414.610953090494,2431.5471020600667,2400.0942539737175,2419.4498527960864,1706123
2024-02-26 13:27:35.743319,2465.4460537204645,2482.738761512091,2450.6237327562135,2470.386827375215,2116596
2024-02-27 13:27:35.743319,2482.0237844905514,2499.4327689509055,2467.1017978102473,2486.9977800506526,2285559
2024-02-28 13:27:35.743319,2554.167162489152,2572.082162626851,2538.8114480854097,2559.285733957066,808449
2024-02-29 13:27:35.743319,2525.955403364403,2543.672525432089,2510.769298734958,2531.017438240885,4347125
2024-03-01 13:27:35.743319,2480.473695483759,2497.8718075763304,2465.5610279758407,2485.4445846530652,1033634
2024-03-04 13:27:35.743319,2416.3756311274847,2433.324157598319,2401.8483227239126,2421.218067262009,4432747
2024-03-05 13:27:35.743319,2472.4496223491346,2489.7914533676153,2457.5851957618656,2477.404431211558,690237
2024-03-06 13:27:35.743319,2498.0861381747645,2515.607784434507,2483.067584237842,2503.092322820405,1356047
2024-03-07 13:27:35.743319,2497.25249093639,2514.768289971014,2482.2389489067127,2502.257004946283,4915677
2024-03-08 13:27:35.743319,2509.0160223041453,2526.6143310778216,2493.931757640994,2514.0441105251957,1906368
2024-03-11 13:27:35.743319,2468.247334482234,2485.559690535716,2453.4081721506773,2473.193721926086,1345474
2024-03-12 13:27:35.743319,2561.7601921560017,2579.7284500168153,2546.3588282753044,2566.893980116234,1724744
2024-03-13 13:27:35.743319,2568.0141989809094,2586.026322621056,2552.575235860784,2573.1605200209515,3847769
2024-03-14 13:27:35.743319,2573.5180063766993,2591.568733876335,2558.0459542341537,2578.675357090881,2631018
2024-03-15 13:27:35.743319,2602.988833871669,2621.2462705821913,2587.3396024055064,2608.2052443603898,3751128
2024-03-18 13:27:35.743319,2623.148922113253,2641.5477622483154,2607.3784877117705,2628.4057335804137,3989429
2024-03-19 13:27:35.743319,2633.2892630873957,2651.75922785855,2617.457864712121,2638.5663958791542,3008426
2024-03-20 13:27:35.743319,2603.551874410487,2621.813260303146,2587.899257931065,2608.769413236961,3031086
2024-03-21 13:27:35.743319,2623.340862028931,2641.741048435947,2607.5692736800597,2628.5980581452213,794746
2024-03-22 13:27:35.743319,2699.803549991735,2718.740047837368,2683.5722661240493,2705.21397794763,4852892
2024-03-25 13:27:35.743319,2756.2203748270967,2775.552581864962,2739.649911651784,2761.7438625522013,2202159
2024-03-26 13:27:35.743319,2824.293122582083,2844.1027937825584,2807.313404410247,2829.953028639362,4257985
2024-03-27 13:27:35.743319,2804.120313455768,2823.788492007061,2787.261874697517,2809.739793041852,4302177
2024-03-28 13:27:35.743319,2764.1849118065684,2783.5729823302613,2747.5665656434026,2769.7243605276235,2503426
2024-03-29 13:27:35.743319,2760.3541865089887,2779.715388217969,2743.7588707584337,2765.8859584258403,3851463
2024-04-01 13:27:35.743319,2764.044135130063,2783.4312182421972,2747.4266353196617,2769.58330173353,623950
2024-04-02 13:27:35.743319,2811.1896209328465,2830.9073838051204,2794.2886813280397,2816.823267467782,1653224
2024-04-03 13:27:35.743319,2742.0910244396596,2761.3241278174924,2725.6055072586596,2747.586196833326,4732851
2024-04-04 13:27:35.743319,2807.133993571217,2826.8233101593914,2790.2574364956386,2812.75951259641,3150235
2024-04-05 13:27:35.743319,2801.8892261145265,2821.5417557566125,2785.0442007070246,2807.504234583694,2240534
2024-04-08 13:27:35.743319,2785.397792804749,2804.9346510709142,2768.6519142908924,2790.9797523093675,4391839
2024-04-09 13:27:35.743319,2744.802522553698,2764.054644455377,2728.30070378083,2750.3031288113207,1804766
2024-04-10 13:27:35.743319,2678.846473457747,2697.6359777805965,2662.7411840381615,2684.2149032642756,2803554
2024-04-11 13:27:35.743319,2713.485145668321,2732.517606609882,2697.171607718411,2718.922991651624,3898147
2024-04-12 13:27:35.743319,2717.829570577005,2736.8925034367635,2701.489913840069,2723.2761228226504,4520120
2024-04-15 13:27:35.743319,2667.0798807399783,2685.786853851381,2651.0453323587762,2672.424730200379,3446862
2024-04-16 13:27:35.743319,2617.076917785405,2635.433168711755,2601.342988419962,2622.3215609072195,3176517
2024-04-17 13:27:35.743319,2605.2307324868266,2623.5038939371348,2589.5680226722766,2610.4516357583434,4807086
2024-04-18 13:27:35.743319,2672.6127903702,2691.3585714649807,2656.544978003245,2677.9687278258516,1127220
2024-04-19 13:27:35.743319,2663.557663930415,2682.2399321142952,2647.5442912013746,2668.895454840095,943316
2024-04-22 13:27:35.743319,2605.4764389857787,2623.751323828364,2589.8122519778485,2610.697834655089,4017741
2024-04-23 13:27:35.743319,2597.188221499309,2615.404972551909,2581.5738634542226,2602.3930075143376,3956653
2024-04-24 13:27:35.743319,2587.878823309825,2606.0302779823382,2572.3204335905275,2593.0649532162574,975595
2024-04-25 13:27:35.743319,2486.522762028487,2503.963302443516,2471.573727387033,2491.505773575638,1965744
2024-04-26 13:27:35.743319,2485.741064985838,2503.1761225558785,2470.7967299258025,2490.7225100058495,2388806
2024-04-29 13:27:35.743319,2478.384192180014,2495.7676484377894,2463.4840868162064,2483.35089396795,3744424
2024-04-30 13:27:35.743319,2505.654324708035,2523.229054440456,2490.590270651674,2510.675676060155,2648091
2024-05-01 13:27:35.743319,2577.4080168821765,2595.486029024636,2561.9125779029246,2582.5731632085935,4461676
2024-05-02 13:27:35.743319,2622.643358882595,2641.0386529829734,2606.875963939413,2627.8991571969887,2260462
2024-05-03 13:27:35.743319,2613.3930453142134,2631.7234574556956,2597.681263478657,2618.6303059260654,2738673
2024-05-06 13:27:35.743319,2571.6597453625436,2589.6974389672905,2556.198865129903,2576.813372106757,2123154
2024-05-07 13:27:35.743319,2674.204365968385,2692.961310419065,2658.126985010659,2679.5634929542935,4558848
2024-05-08 13:27:35.743319,2677.9194792787684,2696.702481638439,2661.8197629704796,2683.2860513815317,3980826
2024-05-09 13:27:35.743319,2679.8186349641855,2698.6149580551164,2663.7075008862444,2685.189012990166,1309178
2024-05-10 13:27:35.743319,2680.1888069757288,2698.9877264635343,2664.0754474147525,2685.5599268293877,3062605
2024-05-13 13:27:35.743319,2689.5086362288307,2708.3729252604953,2673.3392456302604,2694.8984330950207,1221037
2024-05-14 13:27:35.743319,2685.0332396389317,2703.866138113353,2668.890755232285,2690.414067774481,3732244
2024-05-15 13:27:35.743319,2663.359184903286,2682.0400609497015,2647.3470054349295,2668.6965780594046,3299250
2024-05-16 13:27:35.743319,2642.922449687376,2661.4599818996116,2627.033136362602,2648.2188874623002,1521469
2024-05-17 13:27:35.743319,2642.945445714944,2661.4831392219626,2627.0559941374995,2648.2419295740924,2881306
2024-05-20 13:27:35.743319,2622.8004547636815,2641.1968507389774,2607.0321153562845,2628.0565678994803,3392371
2024-05-21 13:27:35.743319,2596.2028521324214,2614.4126917766366,2580.5944181516656,2601.4056634593403,2312336
2024-05-22 13:27:35.743319,2601.6513797653956,2619.899435535293,2586.0101891054833,2606.8651099853664,4833848
2024-05-23 13:27:35.743319,2593.0161405762847,2611.2036285362383,2577.4268651820385,2598.2125657077,963001
2024-05-24 13:27:35.743319,2653.5055796603456,2672.1173422431334,2637.55264030367,2658.823226112571,3680246
2024-05-27 13:27:35.743319,2551.3358351140814,2569.2309762421355,2535.9971427186056,2556.4487325792397,2651061
2024-05-28 13:27:35.743319,2594.7487255324527,2612.9483658918984,2579.1490337957844,2599.9486227780085,4450511
2024-05-29 13:27:35.743319,2645.0261704702534,2663.578458239083,2629.1242095255425,2650.3268241184905,3322136
2024-05-30 13:27:35.743319,2565.3119934339984,2583.3051637286258,2549.889276038604,2570.4528992324636,1015693
2024-05-31 13:27:35.743319,2553.4357166409927,2571.345586396991,2538.0843997072793,2558.5528222855637,3136722
2024-06-03 13:27:35.743319,2540.518462236448,2558.3377300076454,2525.24480414685,2545.6096815996475,739017
2024-06-04 13:27:35.743319,2488.687601286012,2506.1433259443306,2473.725551578882,2493.674951188389,914994
2024-06-05 13:27:35.743319,2461.050406836779,2478.3122834378382,2446.254512607299,2465.982371579939,1441768
2024-06-06 13:27:35.743319,2421.6027534812065,2438.587943134882,2407.0440194923417,2426.4556648108282,2340083
2024-06-07 13:27:35.743319,2487.339517586959,2504.7857867483904,2472.3855725914464,2492.3241659187966,1576941
2024-06-10 13:27:35.743319,2523.75746445282,2541.4591701153145,2508.5845738849675,2528.815094642104,965982
2024-06-11 13:27:35.743319,2573.6424076306744,2591.6940076841956,2558.1696075847985,2578.800007645966,3038568
2024-06-12 13:27:35.743319,2602.9547854934845,2621.2119833877273,2587.305758726991,2608.1711277489826,773146
2024-06-13 13:27:35.743319,2560.5228582501436,2578.4824374162263,2545.1289332506435,2565.65416658331,1664795
2024-06-14 13:27:35.743319,2541.726755735552,2559.554498511252,2526.4458333563803,2546.8203965286093,1889330
2024-06-17 13:27:35.743319,2561.733796643085,2579.7018693650302,2546.332591452846,2566.867531706498,3177747
2024-06-18 13:27:35.743319,2516.458048275301,2534.1085556279327,2501.3290419730442,2521.5010503760527,2909381
2024-06-19 13:27:35.743319,2544.788017663367,2562.637232216116,2529.488690903868,2549.8877932498667,4070599
2024-06-20 13:27:35.743319,2536.899007325341,2554.6928881382437,2521.6471094857093,2541.9829732718845,3443295
2024-06-21 13:27:35.743319,2523.937443737661,2541.640411779909,2508.7634711300198,2528.995434606875,3783616
2024-06-24 13:27:35.743319,2552.273573340317,2570.175291790599,2536.9292432400744,2557.3883500403977,577175
2024-06-25 13:27:35.743319,2570.6235835643743,2588.654009501198,2555.1689327613817,2575.775133832038,3185747
2024-06-26 13:27:35.743319,2558.0212656381946,2575.963298563512,2542.6423802736363,2563.147560759714,2578808
2024-06-27 13:27:35.743319,2604.1959302761384,2622.4618335947084,2588.539441717364,2609.41475979573,1857453
2024-06-28 13:27:35.743319,2563.588445868986,2581.569527152636,2548.1760904830003,2568.7258976643147,3511786
2024-07-01 13:27:35.743319,2588.677293439828,2606.8343486042354,2573.1141032989076,2593.865023486802,595028
2024-07-02 13:27:35.743319,2613.116490341744,2631.44496271889,2597.4063711613326,2618.353196735214,2058242
2024-07-03 13:27:35.743319,2602.312232548024,2620.56492355788,2586.6670688252907,2607.5272871222687,4819453
2024-07-04 13:27:35.743319,2616.3817853564087,2634.7331606043995,2600.6520351438453,2621.6250354272634,663834
2024-07-05 13:27:35.743319,2569.022976178769,2587.0421754104837,2553.5779482658704,2574.1713188164017,2867555
2024-07-08 13:27:35.743319,2606.1813534213134,2624.4611825535267,2590.5129284508444,2611.404161744803,1729787
2024-07-09 13:27:35.743319,2600.262847101206,2618.5011636640397,2584.6300043330625,2605.473794690587,3512359
2024-07-10 13:27:35.743319,2581.244610153286,2599.3495322685894,2565.726105483026,2586.417445043373,1825569
2024-07-11 13:27:35.743319,2623.4935039380252,2641.894760979674,2607.7209979023255,2628.751005949925,1916828
2024-07-12 13:27:35.743319,2597.220079098432,2615.4370536011265,2581.6055295246942,2602.424928956345,2914165
2024-07-15 13:27:35.743319,2544.1961696914705,2562.0412330059394,2528.9004011362113,2549.2947592098903,3708823
2024-07-16 13:27:35.743319,2486.721846617016,2504.163783416935,2471.7716150742285,2491.705257131279,4125654
2024-07-17 13:27:35.743319,2510.684599853558,2528.29461207698,2495.590303662054,2515.716031917393,785711
2024-07-18 13:27:35.743319,2464.155184998212,2481.438838600404,2449.340624767762,2469.0933717416956,1623389
2024-07-19 13:27:35.743319,2531.1428936112993,2548.8964008811176,2515.92560166574,2536.2153242598188,1075919
2024-07-22 13:27:35.743319,2454.5464437721657,2471.762701393814,2439.7896515250386,2459.465374521208,3831106
2024-07-23 13:27:35.743319,2519.067621895924,2536.7364328711456,2503.9229267743053,2524.1158536031303,1352746
2024-07-24 13:27:35.743319,2528.3176061986933,2546.051296823333,2513.117299949002,2533.3843749485904,922381
2024-07-25 13:27:35.743319,2525.9150852647,2543.6319245401037,2510.72922302864,2530.977039343387,1476433
2024-07-26 13:27:35.743319,2506.605934585765,2524.187338936567,2491.5361594279348,2511.6291929717086,3171252
2024-07-29 13:27:35.743319,2522.9192472093114,2540.6150735925426,2507.7513960236843,2527.9751976045204,2020943
2024-07-30 13:27:35.743319,2522.756472357473,2540.4511570333266,2507.5895997781695,2527.812096550574,901067
2024-07-31 13:27:35.743319,2566.137038302836,2584.1359954853206,2550.709360717849,2571.2795974978317,960796
2024-08-01 13:27:35.743319,2571.8232544782613,2589.8620949405336,2556.361391224885,2576.9772088960535,1504001
2024-08-02 13:27:35.743319,2578.917175296038,2597.0057727179537,2563.41266322011,2584.085345988014,812023
2024-08-05 13:27:35.743319,2566.1723433786256,2584.1715481919023,2550.744453538674,2571.3149733252762,3705599
2024-08-06 13:27:35.743319,2565.2636062200154,2583.2564371253657,2549.8411797297144,2570.4044150501154,3677902
2024-08-07 13:27:35.743319,2578.423769896095,2596.508906558693,2562.922224185297,2583.5909517996947,1255111
2024-08-08 13:27:35.743319,2514.37872308804,2532.0146459954703,2499.262217738813,2519.4175582044486,2820715
2024-08-09 13:27:35.743319,2465.2740138213826,2482.56551492033,2450.452727165142,2470.214442706796,2734805
2024-08-12 13:27:35.743319,2494.159813813583,2511.6539207240985,2479.1648650331404,2499.1581300737303,4804459
2024-08-13 13:27:35.743319,2501.811091239663,2519.3588644247106,2486.770142795336,2506.824740721105,2399054
2024-08-14 13:27:35.743319,2496.1640064160756,2513.672170789735,2481.15700838151,2501.166339094264,3957550
2024-08-15 13:27:35.743319,2498.1030529686154,2515.6248178691967,2483.084397339546,2503.109271511639,2050184
2024-08-16 13:27:35.743319,2512.4173834200315,2530.0395494360037,2497.3126696920554,2517.4522879960236,4674482
2024-08-19 13:27:35.743319,2493.4043746499547,2510.8931828889818,2478.4139675879305,2498.4011770039624,3773523
2024-08-20 13:27:35.743319,2465.696749463858,2482.991215642462,2450.8729213107686,2470.638025514888,588668
2024-08-21 13:27:35.743319,2474.187609034234,2491.541630340085,2459.312733629218,2479.1459008359056,3334837
2024-08-22 13:27:35.743319,2439.361956080811,2456.471709279774,2424.6964533388423,2444.2504569948005,4119348
2024-08-23 13:27:35.743319,2455.5734120483976,2472.7968728543483,2440.810445643297,2460.494400850098,2424914
2024-08-26 13:27:35.743319,2394.852276428269,2411.649837485381,2380.4543669507443,2399.651579587444,4510162
2024-08-27 13:27:35.743319,2433.3256051909743,2450.39301925544,2418.6963931357177,2438.202009209393,3270742
2024-08-28 13:27:35.743319,2451.8622693752945,2469.0597001224155,2437.1216144491905,2456.7758210173292,3270374
2024-08-29 13:27:35.743319,2462.5275745376075,2479.799812034364,2447.7227995403873,2467.4624995366808,4082299
2024-08-30 13:27:35.743319,2500.344835450634,2517.88232427644,2485.3127021713717,2505.3555465437216,3545915
2024-09-02 13:27:35.743319,2564.8776385332276,2582.867762250394,2549.4575324899415,2570.0176738809896,770914
2024-09-03 13:27:35.743319,2605.5045044377403,2623.7795861321933,2589.8401486996377,2610.7259563504413,4609803
2024-09-04 13:27:35.743319,2535.810248717318,2553.5964929467978,2520.5648965206206,2540.8920327828837,862455
2024-09-05 13:27:35.743319,2488.847012911055,2506.3038556869838,2473.884004817401,2493.834682275606,4974017
2024-09-06 13:27:35.743319,2466.8629372898818,2484.1655831426165,2452.032097987538,2471.8065503906632,1534586
2024-09-09 13:27:35.743319,2469.062794723062,2486.380870437552,2454.2187298249273,2474.0108163557734,2246688
2024-09-10 13:27:35.743319,2489.553877117724,2507.0156778590303,2474.586619339461,2494.5429630438116,3600581
2024-09-11 13:27:35.743319,2463.8307924329215,2481.1121707365587,2449.0181824583747,2468.7683290911036,3161637
2024-09-12 13:27:35.743319,2471.9785759677684,2489.317103053714,2457.1169813226716,2476.932440849467,4172277
2024-09-13 13:27:35.743319,2445.349674589167,2462.5014258137403,2430.6481735395328,2450.2501749390453,2584504
2024-09-16 13:27:35.743319,2424.2334270242172,2441.23706829593,2409.658877362749,2429.0916102447068,4657137
2024-09-17 13:27:35.743319,2374.8052767660974,2391.4622276051377,2360.527890332634,2379.564405577252,2754736
2024-09-18 13:27:35.743319,2343.315827642237,2359.7519106016507,2329.227756534167,2348.0118513449265,3521372
2024-09-19 13:27:35.743319,2297.431311225726,2313.5455588996538,2283.619098933788,2302.0353819897055,2888229
2024-09-20 13:27:35.743319,2265.17853408613,2281.0665598763135,2251.560226265973,2269.7179700261827,3621881
2024-09-23 13:27:35.743319,2302.4141566328026,2318.5633541242146,2288.571987354449,2307.0282130589203,2971378
2024-09-24 13:27:35.743319,2270.9930946215154,2286.9219039024274,2257.33982952359,2275.5441829874903,4330121
2024-09-25 13:27:35.743319,2363.640353908895,2380.2189936657705,2349.430091260144,2368.3771081251452,4062944
2024-09-26 13:27:35.743319,2382.386513222976,2399.096639067225,2368.0635482136195,2387.1608348927616,1853324
2024-09-27 13:27:35.743319,2390.195743850907,2406.960643857877,2375.8258295592186,2394.98571528147,3872455
2024-09-30 13:27:35.743319,2360.7984712248813,2377.357177936879,2346.605294043168,2365.529530285452,4768173
2024-10-01 13:27:35.743319,2386.92170270553,2403.6636384960498,2372.571472027942,2391.705112931393,1369807
2024-10-02 13:27:35.743319,2367.5838862709584,2384.190186074462,2353.3499150108123,2372.328543357674,4896720
2024-10-03 13:27:35.743319,2373.107137776402,2389.7521778209257,2358.8399605953814,2377.862863503409,4570028
2024-10-04 13:27:35.743319,2467.2431487057775,2484.54846137205,2452.4100235632577,2472.187523753284,3164496
2024-10-07 13:27:35.743319,2464.9228151085913,2482.211852889914,2450.103639867458,2469.8625401889694,3372176
2024-10-08 13:27:35.743319,2509.03845620248,2526.6369223281486,2493.9540566661926,2514.0665893812425,1869277
2024-10-09 13:27:35.743319,2483.954752169686,2501.377280491517,2469.021156465259,2488.932617404495,1249971
2024-10-10 13:27:35.743319,2483.8930829026986,2501.315178674561,2468.959857955388,2488.8708245518023,3093659
2024-10-11 13:27:35.743319,2552.0300241686787,2569.930034358238,2536.687158291913,2557.144312794267,4666233
2024-10-14 13:27:35.743319,2529.406333724581,2547.1476607146333,2514.199482018822,2534.4752842931675,4960276
2024-10-15 13:27:35.743319,2600.41579364153,2618.6551829756886,2584.782031355108,2605.627047737004,4575837
2024-10-16 13:27:35.743319,2629.4840070547307,2647.9272816533107,2613.6754859702332,2634.7535140828963,1842057
2024-10-17 13:27:35.743319,2608.6963929739836,2626.993862664182,2593.0128475252423,2613.9242414568976,2733706
2024-10-18 13:27:35.743319,2634.8776449262205,2653.358750652156,2619.036697161133,2640.1579608479165,985757
2024-10-21 13:27:35.743319,2674.934952143227,2693.6970209458345,2658.8531788838486,2680.2955432296862,2554376
2024-10-22 13:27:35.743319,2701.351524852612,2720.2988802373493,2685.1109345228365,2706.765054962537,2779176
2024-10-23 13:27:35.743319,2639.7886093369098,2658.304160705004,2623.918136735686,2645.078766870651,1685111
2024-10-24 13:27:35.743319,2612.45863610057,2630.782494269612,2596.752471955677,2617.694024148868,2892919
2024-10-25 13:27:35.743319,2604.0788508722,2622.343932992546,2588.4230661976176,2609.2974457637274,2000948
2024-10-28 13:27:35.743319,2602.473927289556,2620.727752430865,2586.8277914541477,2607.6893059013587,4607834
2024-10-29 13:27:35.743319,2628.130047078025,2646.5638249633416,2612.329666033468,2633.3968407595444,2908630
2024-10-30 13:27:35.743319,2636.4626136750976,2654.954836416305,2620.6121370397764,2641.746105886871,2094918
2024-10-31 13:27:35.743319,2585.4716148994903,2603.6061853446768,2569.9276973750443,2590.652920740972,3202994
2024-11-01 13:27:35.743319,2601.5590553387515,2619.8064635425303,2585.9184197355125,2606.7726005398313,3204716
2024-11-04 13:27:35.743319,2626.8087021576594,2645.2332120926326,2611.0162650705392,2632.072847853366,692512
2024-11-05 13:27:35.743319,2650.283313091536,2668.8724746062057,2634.3497460789617,2655.5945020957274,4214379
2024-11-06 13:27:35.743319,2694.9462390768504,2713.848667607449,2678.7441574791937,2700.3469329427357,4885724
2024-11-07 13:27:35.743319,2730.2333673404473,2749.3833007787066,2713.819138679082,2735.7047768942357,2049420
2024-11-08 13:27:35.743319,2750.478204961477,2769.770136258802,2733.942263849484,2755.990185332141,2575915
2024-11-11 13:27:35.743319,2748.95902486368,2768.2403005891765,2732.4322170989685,2754.4679607852504,3848924
2024-11-12 13:27:35.743319,2682.657451481767,2701.4736861113984,2666.529250370654,2688.0335185188046,3845647
2024-11-13 13:27:35.743319,2701.351390748788,2720.2987451929175,2685.110801225248,2706.764920589968,4400379
2024-11-14 13:27:35.743319,2711.135303089861,2730.1512821696488,2694.8358924500417,2716.5684399698002,4304409
2024-11-15 13:27:35.743319,2723.5635751582504,2742.6667264870157,2707.18944544788,2729.0216183950406,3464932
2024-11-18 13:27:35.743319,2673.2365574891687,2691.986713704022,2657.1649950192937,2678.5937449791268,1147341
2024-11-19 13:27:35.743319,2631.5527836741985,2650.0105687300293,2615.7318250549147,2636.8264365472933,2020982
2024-11-20 13:27:35.743319,2674.791348669716,2693.552410233531,2658.710438757874,2680.1516519736633,3829693
2024-11-21 13:27:35.743319,2674.5417292424204,2693.301039968569,2658.462320048578,2679.9015323070344,4498422
2024-11-22 13:27:35.743319,2703.373830927071,2722.335370823353,2687.121082444544,2708.7914137545804,1701838
2024-11-25 13:27:35.743319,2705.875001529589,2724.8540847066497,2689.6072159492505,2711.297596723035,2664563
2024-11-26 13:27:35.743319,2708.436896963955,2727.4339493474695,2692.153709206657,2713.864626216388,4979825
2024-11-27 13:27:35.743319,2748.199403282591,2767.475351001006,2731.677162381093,2753.706816916424,4085681
2024-11-28 13:27:35.743319,2728.372462571171,2747.509343571169,2711.96942171403,2733.840142856885,4908285
2024-11-29 13:27:35.743319,2733.675595191774,2752.849672512758,2717.240671773787,2739.1539029977694,2884291
2024-12-02 13:27:35.743319,2716.14323608117,2735.1943409434625,2699.813717627776,2721.586408898968,2595588
2024-12-03 13:27:35.743319,2699.8480746366126,2718.784884779354,2683.616523085691,2705.258591820253,3155982
2024-12-04 13:27:35.743319,2688.700310536726,2707.5589299493085,2672.535779611656,2694.08848751175,4704955
2024-12-05 13:27:35.743319,2699.023193849939,2717.9542182557,2682.7966015021443,2704.432057965871,3744967
2024-12-06 13:27:35.743319,2681.05050761421,2699.8554710944695,2664.9319674882727,2686.4233543228556,3485696
2024-12-09 13:27:35.743319,2733.3966775723616,2752.5687985573377,2716.96343101381,2738.874426425212,937625
2024-12-10 13:27:35.743319,2698.310753937403,2717.2367812696293,2682.088444795495,2703.7181903180394,3801106
2024-12-11 13:27:35.743319,2692.1034934445433,2710.985982877521,2675.918502501991,2697.4984904253943,1872070
2024-12-12 13:27:35.743319,2675.7424412925025,2694.510173846658,2659.6558133889403,2681.1046505936897,2930721
2024-12-13 13:27:35.743319,2735.820957888027,2755.010082843153,2719.3731364979185,2741.303565018063,3093726
2024-12-16 13:27:35.743319,2745.2712329509377,2764.526642400493,2728.76659627989,2750.7727785079537,4518280
2024-12-17 13:27:35.743319,2789.4865537690184,2809.0520907193018,2772.716093525918,2795.076707183385,3042017
2024-12-18 13:27:35.743319,2729.3790862516425,2748.523027738377,2712.9699935487265,2734.848783819281,4950252
2024-12-19 13:27:35.743319,2741.7047442930625,2760.9351382911095,2725.2215494375932,2747.199142578219,2070057
2024-12-20 13:27:35.743319,2779.926138089929,2799.4246180164114,2763.2131552958012,2785.4971323546383,1361069
2024-12-23 13:27:35.743319,2784.7514352971457,2804.2837599936183,2768.0094427001686,2790.3320994961377,1356626
2024-12-24 13:27:35.743319,2831.0306249399628,2850.8875531710046,2814.0104007419272,2836.704033005975,2661352
2024-12-25 13:27:35.743319,2810.5536629930307,2830.2669652384725,2793.6565467826517,2816.186035063157,606022
2024-12-26 13:27:35.743319,2872.0375012343275,2892.1820528461913,2854.7707427098726,2877.7930874091458,3299131
2024-12-27 13:27:35.743319,2974.289480793706,2995.151230658992,2956.4079809091745,2980.2499807552163,3707796
2024-12-30 13:27:35.743319,2959.6250916307013,2980.3839850589725,2941.831754406469,2965.556204038779,970529
2024-12-31 13:27:35.743319,2941.3835451960776,2962.01449190587,2923.6998765876847,2947.2781013988756,3483516
2025-01-01 13:27:35.743319,3007.7155328428225,3028.8117339749865,2989.633074729539,3013.743018880584,661445
2025-01-02 13:27:35.743319,3081.370339934286,3102.9831579498573,3062.845067349511,3087.545430795878,4334242
2025-01-03 13:27:35.743319,3058.8270124057763,3080.281710889584,3040.4372708482265,3064.9569262582927,3782831
2025-01-06 13:27:35.743319,3041.128643844997,3062.459205475172,3022.8453053048465,3047.223090025047,4918909
2025-01-07 13:27:35.743319,3029.8161521015204,3051.067367597222,3011.6008245337757,3035.8879279574353,1184029
2025-01-08 13:27:35.743319,2970.8116079121605,2991.64896387948,2952.951017083029,2976.7651381885375,1010370
2025-01-09 13:27:35.743319,2931.6206850731983,2952.1831548081805,2913.995711014642,2937.4956764260505,2252374
2025-01-10 13:27:35.743319,2889.2394270079385,2909.5046334097974,2871.8692500920592,2895.0294859798983,4915276
2025-01-13 13:27:35.743319,2857.5834781637514,2877.6266488522742,2840.4036175735882,2863.3100983604722,4499694
2025-01-14 13:27:35.743319,2857.525546072997,2877.56831042421,2840.3460337719566,2863.2520501733434,3808505
2025-01-15 13:27:35.743319,2869.016469954149,2889.139831967855,2851.767873942401,2874.7660019580653,708944
2025-01-16 13:27:35.743319,2937.9932640066104,2958.600431189021,2920.3299778502583,2943.881026058728,3325494
2025-01-17 13:27:35.743319,2895.771224748954,2916.0822453634255,2878.361778507978,2901.574373495946,1861303
2025-01-20 13:27:35.743319,2940.3138001544107,2960.937243642468,2922.6365628789335,2946.20621257957,4701765
2025-01-21 13:27:35.743319,2932.3568276792466,2952.9244607391206,2914.72742791364,2938.233294267782,3394100
2025-01-22 13:27:35.743319,2931.647413219139,2952.2100704260865,2914.0222784703265,2937.5224581354096,1697162
2025-01-23 13:27:35.743319,2962.954209808538,2983.7364537651106,2945.1408578457613,2968.8919937961305,1546161
2025-01-24 13:27:35.743319,2914.9305199073738,2935.3759243556215,2897.405887523161,2920.7720640354446,2279685
2025-01-27 13:27:35.743319,2933.1652509004293,2953.7385542634584,2915.530990874976,2939.0433375755806,2397501
2025-01-28 13:27:35.743319,2941.968495140476,2962.6035447055892,2924.28130979895,2947.8642235876514,1173218
2025-01-29 13:27:35.743319,2965.262858837373,2986.0612957230055,2947.435627221116,2971.205269376125,4385250
2025-01-30 13:27:35.743319,2979.6421579639414,3000.541451657075,2961.7284776555407,2985.613384733408,1103291
2025-01-31 13:27:35.743319,3092.9728450717716,3114.667043383898,3074.377817947092,3099.171187446665,3161198
2025-02-03 13:27:35.743319,3065.058373583696,3086.5567790096334,3046.6311689328923,3071.200775133964,2679431
2025-02-04 13:27:35.743319,3042.2630417336495,3063.601560062442,3023.9728831661123,3048.3597612561616,4709738
2025-02-05 13:27:35.743319,3015.4665229836114,3036.6170897780858,2997.337465731205,3021.509542067747,1219407
2025-02-06 13:27:35.743319,2991.941163798172,3012.926723063289,2973.953541570929,2997.93703787392,3038143
2025-02-07 13:27:35.743319,2964.95420905263,2985.750481060013,2947.1288330463017,2970.89600105474,837913
2025-02-10 13:27:35.743319,3019.818820786116,3040.999914719485,3001.663597414656,3025.8705619099355,4415770
2025-02-11 13:27:35.743319,3086.397027861376,3108.045103207097,3067.841534707901,3092.5821922458676,828821
2025-02-12 13:27:35.743319,3061.6169939300294,3083.091261422524,3043.210478936462,3067.752498927885,2680707
2025-02-13 13:27:35.743319,3025.141514940192,3046.359942399692,3006.9542914034773,3031.2039227857636,2201243
2025-02-14 13:27:35.743319,3048.1324924546852,3069.5121792755094,3029.807046608264,3054.240974403492,4387008
2025-02-17 13:27:35.743319,3024.4999132081352,3045.7138404550856,3006.316546996463,3030.5610352786925,2312375
2025-02-18 13:27:35.743319,3054.878243908474,3076.3052456192545,3036.51224244209,3061.0002443972685,4127447
2025-02-19 13:27:35.743319,3065.72346539762,3087.2265357962006,3047.292262198837,3071.8671997972147,4115652
2025-02-20 13:27:35.743319,2998.3058746873785,3019.3360762132415,2980.27998766521,3004.314503694768,568803
2025-02-21 13:27:35.743319,3070.2530924626694,3091.787933792568,3051.7946570370423,3076.405904271212,1307744
2025-02-24 13:27:35.743319,3155.6615714065597,3177.795470204,3136.6896581516103,3161.9855424915427,1248736
2025-02-25 13:27:35.743319,3128.351953577438,3150.2943019492236,3109.544226401622,3134.621195969377,1199539
2025-02-26 13:27:35.743319,3111.76724282657,3133.5932655718466,3093.059223330619,3118.0032493252206,745404
2025-02-27 13:27:35.743319,3126.7020500829735,3148.6328259853585,3107.904242166643,3132.9679860550837,517297
2025-02-28 13:27:35.743319,3143.999271304211,3166.051370401535,3125.0974720779336,3150.299871046304,1288443
2025-03-03 13:27:35.743319,3176.798113135916,3199.0802642300555,3157.699126483796,3183.164442019956,4155074
2025-03-04 13:27:35.743319,3275.684565786558,3298.6603092339583,3255.9910714030716,3282.2490639143866,3765962
2025-03-05 13:27:35.743319,3268.635653677358,3291.561955857459,3248.9845375229847,3275.1860257288154,3526394
2025-03-06 13:27:35.743319,3231.344187818653,3254.008926610968,3211.9172688538115,3237.8198274736005,1727146
2025-03-07 13:27:35.743319,3166.7582148221754,3188.9699457878614,3147.719588280158,3173.1044236695143,3380304
2025-03-10 13:27:35.743319,3133.794181093629,3155.7747014019005,3114.9537351151102,3140.0743297531353,1833572
2025-03-11 13:27:35.743319,3133.803881476752,3155.784469823783,3114.9633771792965,3140.084049575904,1115863
2025-03-12 13:27:35.743319,3220.916454385513,3243.5080527629666,3201.552227204839,3227.3711967790714,4265056
2025-03-13 13:27:35.743319,3197.6039468780014,3220.0320306737385,3178.3798750530837,3204.0119708196407,3825315
2025-03-14 13:27:35.743319,3209.9603402840994,3232.4750921698596,3190.6619815248764,3216.393126537174,1328791
2025-03-17 13:27:35.743319,3210.774671054053,3233.2951346786804,3191.471416518658,3217.209089232518,4320887
2025-03-18 13:27:35.743319,3270.1574633339283,3293.094439529657,3250.4971980233036,3276.7108851041367,3346274
2025-03-19 13:27:35.743319,3398.187237720702,3422.022218345997,3377.7572543275915,3404.997232185072,4895564
2025-03-20 13:27:35.743319,3372.920858169704,3396.578619699952,3352.6427768580625,3379.6802186069176,876794
2025-03-21 13:27:35.743319,3349.923470104398,3373.4199273095383,3329.783649642848,3356.636743591581,4378450
2025-03-24 13:27:35.743319,3404.506223589064,3428.385525758526,3384.038250300953,3411.3288813517674,3533349
2025-03-25 13:27:35.743319,3441.227662426046,3465.3645297977714,3420.538918964567,3448.1239102465393,2021466
2025-03-26 13:27:35.743319,3539.6536954543158,3564.480925783153,3518.373212315312,3546.7471898339836,2980252
2025-03-27 13:27:35.743319,3572.579268136554,3597.6374393559486,3551.100835662787,3579.7387456278097,1282877
2025-03-28 13:27:35.743319,3555.1541992665334,3580.090150563994,3533.780526725853,3562.2787567800938,4385180
2025-03-31 13:27:35.743319,3588.586025299598,3613.756468362821,3567.0113598168346,3595.777580460519,4110793
2025-04-01 13:27:35.743319,3650.5900563567047,3676.1953974333546,3628.6426211481476,3657.9058680928906,3799973
2025-04-02 13:27:35.743319,3697.6446894072255,3723.5800730002616,3675.4143606131943,3705.054799005236,3580977
2025-04-03 13:27:35.743319,3727.751202201236,3753.897753719681,3705.3398723282826,3735.2216454922204,2799899
2025-04-04 13:27:35.743319,3789.7697957167406,3816.351347390104,3766.9856085681427,3797.364524766273,2472424
2025-04-07 13:27:35.743319,3858.7554576485977,3885.8208766902208,3835.556527041492,3866.488434517633,1836092
2025-04-08 13:27:35.743319,3941.5620181678087,3969.2082447481434,3917.865252527521,3949.4609400479044,1350350
2025-04-09 13:27:35.743319,3982.093732315084,4010.02424947561,3958.1532890346325,3990.0738800752342,3979027
2025-04-10 13:27:35.743319,3974.110594123466,4001.98511732874,3950.218145661802,3982.074743610687,3705228
2025-04-11 13:27:35.743319,3984.8580019119986,4012.807907737032,3960.900939776255,3992.8436892905797,667647
2025-04-14 13:27:35.743319,4059.660351948438,4088.1349235552902,4035.253576285421,4067.79594383611,2833679
2025-04-15 13:27:35.743319,4012.2223022286366,4040.364142023827,3988.10072526133,4020.2628278844054,935477
2025-04-16 13:27:35.743319,4036.489495724692,4064.801546295907,4012.2220238065074,4044.5786530307537,2183523
2025-04-17 13:27:35.743319,4014.750868721898,4042.9104439534135,3990.6140899520265,4022.796461645188,4696656
2025-04-18 13:27:35.743319,4018.4910347983446,4046.6768436596553,3994.331770060078,4026.5441230444335,4827308
2025-04-21 13:27:35.743319,4098.3450489485695,4127.090956105523,4073.705699956895,4106.558165279128,3460033
2025-04-22 13:27:35.743319,4112.165320084649,4141.0081630110935,4087.4428832905523,4120.406132349347,2081420
2025-04-23 13:27:35.743319,4117.08866911323,4145.966044547891,4092.3366330263766,4125.339347808847,1286261
2025-04-24 13:27:35.743319,4035.9771371810384,4064.285594055053,4011.7127455747395,4044.065267716471,3994708
2025-04-25 13:27:35.743319,4083.450089429367,4112.091522922358,4058.9002892925173,4091.6333561416504,3328630
2025-04-28 13:27:35.743319,4125.241254272285,4154.175812167981,4100.4402046474015,4133.5082708139125,4744402
2025-04-29 13:27:35.743319,4263.4271186920905,4293.330916117787,4237.795292327209,4271.971060813718,3579042
2025-04-30 13:27:35.743319,4245.912057779217,4275.693004076265,4220.385532381747,4254.420899578374,3262081
2025-05-01 13:27:35.743319,4262.022897760598,4291.916845941284,4236.399513605726,4270.564025812223,626060
2025-05-02 13:27:35.743319,4280.135472116762,4310.156462402149,4254.403194729287,4288.712897912587,4824848
2025-05-05 13:27:35.743319,4384.810724809432,4415.565910253987,4358.449137285527,4393.597920650734,3296461
2025-05-06 13:27:35.743319,4380.737230398561,4411.4638442390315,4354.400132821014,4389.51626292441,3577099
2025-05-07 13:27:35.743319,4401.310557508423,4432.181473242449,4374.849772593542,4410.130819146716,3344180
2025-05-08 13:27:35.743319,4443.848579599442,4475.017858213866,4417.132055072791,4452.754087774992,3121578
2025-05-09 13:27:35.743319,4458.533654909218,4489.8059350538715,4431.728843356658,4467.468592093405,2172795
2025-05-12 13:27:35.743319,4430.991752193882,4462.070852660172,4404.352523222778,4439.871495184251,4593886
2025-05-13 13:27:35.743319,4446.133227186436,4477.318530383134,4419.402967303552,4455.043313814064,2754103
2025-05-14 13:27:35.743319,4520.5752659328155,4552.282707677835,4493.397458722799,4529.634535002821,3439362
2025-05-15 13:27:35.743319,4453.728130096231,4484.966704155022,4426.95220947441,4462.653436970171,1062060
2025-05-16 13:27:35.743319,4464.85202459413,4496.168621961022,4438.009226851079,4473.799623841814,2006145
2025-05-19 13:27:35.743319,4420.41799386883,4451.422929697569,4393.842334587053,4429.276546962756,3148202
2025-05-20 13:27:35.743319,4502.622297362681,4534.203816482459,4475.552423831443,4511.645588539761,1692931
2025-05-21 13:27:35.743319,4403.114609183586,4433.998178586678,4376.642978266651,4411.938486155898,1371522
2025-05-22 13:27:35.743319,4368.537690549183,4399.178736474879,4342.273936898587,4377.292275099382,2042247
2025-05-23 13:27:35.743319,4395.522928468129,4426.353249609689,4369.096938918221,4404.331591651432,4872216
2025-05-26 13:27:35.743319,4502.21441105412,4533.793069247886,4475.146989745177,4511.2368848237675,2681906
2025-05-27 13:27:35.743319,4500.025723837636,4531.58903051786,4472.9714609688735,4509.043811460558,1102276
2025-05-28 13:27:35.743319,4464.937070463061,4496.254264344064,4438.093761422201,4473.884840143348,2000134
2025-05-29 13:27:35.743319,4595.017095737848,4627.2466745656675,4567.391742456859,4604.225546831511,3104884
2025-05-30 13:27:35.743319,4498.537157440601,4530.0900232743525,4471.491843868814,4507.55226196453,2205243
2025-06-02 13:27:35.743319,4354.762955742505,4385.307385291801,4328.582016128823,4363.489935613733,4774692
2025-06-03 13:27:35.743319,4385.7927453839,4416.5548187483155,4359.425253928686,4394.581909202305,4522928
2025-06-04 13:27:35.743319,4355.06520152305,4385.61175103273,4328.882444800466,4363.792787097244,739779
2025-06-05 13:27:35.743319,4291.005507815824,4321.102740836576,4265.2078795123225,4299.604717250325,3475605
2025-06-06 13:27:35.743319,4339.010975409343,4369.444920126642,4312.924737080228,4347.706388185714,1288140
2025-06-09 13:27:35.743319,4357.0858331497075,4387.646555426308,4330.890928341192,4365.817468085879,4058539
2025-06-10 13:27:35.743319,4322.536002089099,4352.854390881307,4296.548811695779,4331.198398886873,4246037
2025-06-11 13:27:35.743319,4242.436292685262,4272.192859868424,4216.930663671122,4250.938169023309,2623238
2025-06-12 13:27:35.743319,4300.471042561465,4330.634667108488,4274.616507235444,4309.089221003472,2118963
2025-06-13 13:27:35.743319,4344.790664827244,4375.265148448277,4318.6696788663585,4353.497660147539,1090381
2025-06-16 13:27:35.743319,4340.501702972178,4370.946103694427,4314.406502353107,4349.200103178535,3432235
2025-06-17 13:27:35.743319,4464.644072453621,4495.959211238366,4437.80252492384,4473.591254963549,4183909
2025-06-18 13:27:35.743319,4395.75026197643,4426.582177641594,4369.322905692002,4404.5593807379055,2039600
2025-06-19 13:27:35.743319,4298.453672924925,4328.6031475847185,4272.611266073673,4307.067808542009,2727503
2025-06-20 13:27:35.743319,4256.199925991701,4286.053031685029,4230.6115496831335,4264.729384761224,4732939
2025-06-23 13:27:35.743319,4255.417749843495,4285.265369331374,4229.8340759967405,4263.945641125746,3570771
2025-06-24 13:27:35.743319,4273.114820730444,4303.086567970036,4247.424751667937,4281.678177084614,1643647
2025-06-25 13:27:35.743319,4259.8096946018195,4289.688119313455,4234.1996162775595,4268.346387376572,4111646
2025-06-26 13:27:35.743319,4284.506248842513,4314.557895878482,4258.747694240253,4293.092433709932,1916953
2025-06-27 13:27:35.743319,4206.926048452518,4236.4335457863535,4181.6339078806595,4215.356761976472,3194245
2025-06-30 13:27:35.743319,4301.17695322768,4331.345529051922,4275.318173949759,4309.796546320321,4622186
2025-07-01 13:27:35.743319,4298.028493274969,4328.174985712769,4272.188642613997,4306.6417768286265,921280
2025-07-02 13:27:35.743319,4372.853912176736,4403.525232202023,4346.564209297918,4381.617146469675,1409245
2025-07-03 13:27:35.743319,4397.590359283964,4428.43518144327,4371.151940290273,4406.403165615195,841207
2025-07-04 13:27:35.743319,4430.037475852334,4461.109882997591,4403.403984013543,4438.915306465265,1730746
2025-07-07 13:27:35.743319,4470.295674171928,4501.650453449686,4443.4201490767055,4479.254182537002,3789791
2025-07-08 13:27:35.743319,4502.668320632147,4534.250162560427,4475.598170407905,4511.691704040227,1092632
2025-07-09 13:27:35.743319,4548.56147022431,4580.465207991414,4521.215409281078,4557.676823872054,4537106
2025-07-10 13:27:35.743319,4642.478163080595,4675.04063516633,4614.567472721393,4651.781726533662,1972178
2025-07-11 13:27:35.743319,4658.512206089726,4691.187141402979,4630.505118678364,4667.847901893512,1662189
2025-07-14 13:27:35.743319,4710.674880267183,4743.715686040599,4682.354189604254,4720.115110488159,4370426
2025-07-15 13:27:35.743319,4706.69116791167,4739.704031814857,4678.3944274232235,4716.123414741152,914299
2025-07-16 13:27:35.743319,4811.875414841181,4845.626044003393,4782.9463041307135,4821.5184517446705,2881486
2025-07-17 13:27:35.743319,4765.68375805706,4799.11039764263,4737.032352698,4775.234226510081,4176158
2025-07-18 13:27:35.743319,4898.627820296999,4932.986933265013,4869.1771520387,4908.444709716432,4661900
2025-07-21 13:27:35.743319,4898.1263770602845,4932.481972891368,4868.678723490783,4907.942261583451,625438
2025-07-22 13:27:35.743319,4796.522294939776,4830.165236888251,4767.685487555369,4806.134564067912,4270183
2025-07-23 13:27:35.743319,4808.151466041446,4841.875975322298,4779.244743800716,4817.78704012169,2417043
2025-07-24 13:27:35.743319,4761.662751532537,4795.061187665531,4733.0355205614,4771.20516185625,2699391
2025-07-25 13:27:35.743319,4824.497469799068,4858.336630408881,4795.492474990657,4834.165801401872,1135719
2025-07-28 13:27:35.743319,4779.888492681214,4813.4147646739675,4751.151688115997,4789.467427536287,3301445
2025-07-29 13:27:35.743319,4750.379296921787,4783.69859058757,4721.819902351114,4759.89909511201,1308258
2025-07-30 13:27:35.743319,4619.938327034895,4652.342704078225,4592.16314671204,4629.196720475847,3364140
2025-07-31 13:27:35.743319,4590.994930721968,4623.19629797152,4563.393758793779,4600.195321364697,4064462
2025-08-01 13:27:35.743319,4429.28677041891,4460.353912095195,4402.657791839238,4438.163096612135,681948
2025-08-04 13:27:35.743319,4327.456815094264,4357.809718606949,4301.44004065482,4336.129073240746,3082814
2025-08-05 13:27:35.743319,4379.288414204963,4410.004866008004,4352.960026945214,4388.064543291546,4269457
2025-08-06 13:27:35.743319,4433.4286709740845,4464.524864057069,4406.77479118867,4442.313297569223,1706751
2025-08-07 13:27:35.743319,4464.044146531747,4495.355077419244,4437.206205771035,4472.990126785317,1453692
2025-08-08 13:27:35.743319,4401.962535771621,4432.838024499478,4375.497831147743,4410.78410397958,717770
2025-08-11 13:27:35.743319,4401.013265373905,4431.882095892559,4374.554267786487,4409.832931236378,4599906
2025-08-12 13:27:35.743319,4402.976387377978,4433.858987289447,4376.505587453863,4411.799987352684,2937245
2025-08-13 13:27:35.743319,4329.297521237598,4359.663335514815,4303.269680428554,4337.973468173946,3202882
2025-08-14 13:27:35.743319,4430.251117424472,4461.32502305771,4403.616341167411,4439.129376176826,2290008
2025-08-15 13:27:35.743319,4491.185519642235,4522.68682088221,4464.184404293685,4500.185891425085,2326525
2025-08-18 13:27:35.743319,4478.563017046999,4509.975783699633,4451.637788487598,4487.5380932334665,1838530
2025-08-19 13:27:35.743319,4482.61027506234,4514.051429296244,4455.660714290422,4491.593461986313,4966951
2025-08-20 13:27:35.743319,4498.892563793425,4530.447922457306,4471.845113510098,4507.908380554534,2681913
2025-08-21 13:27:35.743319,4365.380021379893,4395.998919325442,4339.135251712278,4374.128277935764,1978768
2025-08-22 13:27:35.743319,4351.399797174817,4381.920637435562,4325.239076951321,4360.120037249316,2065213
2025-08-25 13:27:35.743319,4309.267008721555,4339.492328422007,4283.359591835453,4317.9028143502555,3263398
2025-08-26 13:27:35.743319,4247.130259997381,4276.919750798965,4221.596410738879,4255.641543083548,1188152
2025-08-27 13:27:35.743319,4231.375076965449,4261.054060471219,4205.935948246218,4239.854786538526,902980
2025-08-28 13:27:35.743319,4349.2017191960085,4379.70714207614,4323.05421387018,4357.917554304618,1538336
2025-08-29 13:27:35.743319,4393.406781449255,4424.222259876253,4366.993514226113,4402.2112038569685,3378350
2025-09-01 13:27:35.743319,4358.104754423859,4388.672623442863,4331.903723836141,4366.838431286432,1668932
2025-09-02 13:27:35.743319,4397.894990610448,4428.741949462425,4371.4547401658965,4406.708407425299,1949087
2025-09-03 13:27:35.743319,4493.430075647735,4524.947120266506,4466.415465974503,4502.434945538813,3031528
2025-09-04 13:27:35.743319,4558.464580473247,4590.437778933479,4531.058981793047,4567.599780033313,2608542
2025-09-05 13:27:35.743319,4564.82559074379,4596.8434055085245,4537.381749516872,4573.973537819428,1437635
2025-09-08 13:27:35.743319,4523.003461924293,4554.7279351041225,4495.811056341582,4532.06759711853,4002626
2025-09-09 13:27:35.743319,4572.909276824325,4604.983790790026,4545.416836282296,4582.073423671669,1886689
2025-09-10 13:27:35.743319,4602.280246274397,4634.560769043856,4574.611226757717,4611.503252779957,4316126
2025-09-11 13:27:35.743319,4666.828806930375,4699.562075115257,4638.771719914762,4676.181169268913,3566983
2025-09-12 13:27:35.743319,4713.861208670303,4746.924363440536,4685.52136172439,4723.307824318941,3346230
2025-09-15 13:27:35.743319,4791.055070656859,4824.659665340825,4762.251132356317,4800.656383423707,2618433
2025-09-16 13:27:35.743319,4755.120912961427,4788.473464455144,4726.533011681097,4764.650213388203,4956397
2025-09-17 13:27:35.743319,4852.446618867457,4886.48181559298,4823.273593102723,4862.170960789035,4178621
2025-09-18 13:27:35.743319,4869.284611698797,4903.437910578447,4840.010355516239,4879.042697092983,1797991
2025-09-19 13:27:35.743319,5025.7562614473145,5061.007056868288,4995.541293943624,5035.827917281878,4231404
2025-09-22 13:27:35.743319,4976.556197126884,5011.461901916351,4946.637021593056,4986.529255638161,2314188
2025-09-23 13:27:35.743319,5110.39950505406,5146.243990560451,5079.6756603342965,5120.640786627315,2607359
2025-09-24 13:27:35.743319,5128.156531109123,5164.125564894456,5097.325930721693,5138.4333979049325,718401
2025-09-25 13:27:35.743319,5080.831726539486,5116.468822817819,5050.285644015201,5091.013754047582,1485132
2025-09-26 13:27:35.743319,5046.609776083276,5082.006838640975,5016.269436748106,5056.723222528333,659292
2025-09-29 13:27:35.743319,5024.929765094421,5060.174763446786,4994.719766506679,5034.999764623668,3667759
2025-09-30 13:27:35.743319,5059.531883856053,5095.0195824402135,5029.113856498202,5069.671226308671,963937
2025-10-01 13:27:35.743319,5101.91774901879,5137.702743250385,5071.244896820281,5112.1420330849605,3464391
2025-10-02 13:27:35.743319,5060.731298284723,5096.227409595337,5030.306060018483,5070.87304437347,3181206
2025-10-03 13:27:35.743319,5061.412929124555,5096.9138214130035,5030.983592877314,5071.556041206969,1692097
2025-10-06 13:27:35.743319,5229.3120734101385,5265.990615007204,5197.8733234697975,5239.791656723586,687771
2025-10-07 13:27:35.743319,5369.274957909548,5406.935203105305,5336.9947477417545,5380.035027965479,737199
2025-10-08 13:27:35.743319,5407.234273630576,5445.160766531792,5374.725851143819,5418.070414459496,3357281
2025-10-09 13:27:35.743319,5413.023393190012,5450.990491138238,5380.480166377247,5423.871135460934,3232481
2025-10-10 13:27:35.743319,5425.490224865705,5463.544765521075,5392.872047161101,5436.362950767239,2774316
2025-10-13 13:27:35.743319,5478.3887223976535,5516.814294598838,5445.45251765378,5489.367457312278,4102615
2025-10-14 13:27:35.743319,5397.679508077694,5435.538983585252,5365.228529071214,5408.496501079853,2083214
2025-10-15 13:27:35.743319,5379.5702533627145,5417.3027100496265,5347.228147631075,5390.350955273261,1251518
2025-10-16 13:27:35.743319,5249.221245014442,5286.039430099713,5217.6628006556375,5259.740726467377,1013313
2025-10-17 13:27:35.743319,5283.390744996707,5320.448595913517,5251.626872782298,5293.97870240151,4431586
2025-10-20 13:27:35.743319,5337.59948497679,5375.037557516707,5305.509708514004,5348.296077131053,3714215
2025-10-21 13:27:35.743319,5301.703692496538,5338.889990940902,5269.829722401369,5312.328349194928,3960989
2025-10-22 13:27:35.743319,5431.080068273871,5469.173816247736,5398.428284296273,5441.963996266404,2832214
2025-10-23 13:27:35.743319,5334.800752507169,5372.219194659022,5302.727802091294,5345.491735979127,2830229
2025-10-24 13:27:35.743319,5221.506248477667,5258.130039799655,5190.114427344535,5231.970188855378,2363462
2025-10-27 13:27:35.743319,5241.735736454654,5278.501417972872,5210.222295153323,5252.240216888431,1154224
2025-10-28 13:27:35.743319,5327.377897476381,5364.744275514791,5295.349573443456,5338.054005487355,2750397
2025-10-29 13:27:35.743319,5466.3880631680095,5504.729462408666,5433.524006676017,5477.34274866534,2499284
2025-10-30 13:27:35.743319,5431.6057956461,5469.7032310865025,5398.950850982897,5442.490777200501,2501676
2025-10-31 13:27:35.743319,5522.965969853605,5561.70420811911,5489.761765626028,5534.034037929464,2184532
2025-11-03 13:27:35.743319,5522.5372549796275,5561.272486226979,5489.335628196183,5533.604463907443,954418
2025-11-04 13:27:35.743319,5511.010459471365,5549.664841451624,5477.878132059713,5522.054568608582,1972542
2025-11-05 13:27:35.743319,5587.337584620703,5626.527327198202,5553.746376697131,5598.53465392856,4973014
2025-11-06 13:27:35.743319,5645.098999843276,5684.693882607707,5611.160528902334,5656.411823490256,1062621
2025-11-07 13:27:35.743319,5515.938732904769,5554.627681933158,5482.776776594719,5526.992718341451,4029801
2025-11-10 13:27:35.743319,5642.28969804489,5681.864876287689,5608.368116693919,5653.596891828547,2098099
2025-11-11 13:27:35.743319,5763.191080116971,5803.614264045646,5728.542636749534,5774.74056123945,4694463
2025-11-12 13:27:35.743319,5712.220845654016,5752.2865229281415,5677.8788365619075,5723.668182018052,4313233
2025-11-13 13:27:35.743319,5749.109313129538,5789.433727149484,5714.545529683869,5760.630574278094,1711569
2025-11-14 13:27:35.743319,5794.767722214511,5835.412385596776,5759.929439315426,5806.380483180873,1695885
2025-11-17 13:27:35.743319,5820.379699201235,5861.204005708658,5785.387436480586,5832.043786774784,1656083
2025-11-18 13:27:35.743319,5775.419663201199,5815.928618754714,5740.697701298186,5786.993650502203,2474324
2025-11-19 13:27:35.743319,5720.387639284204,5760.510598677981,5685.996531232395,5731.85134196814,4398190
2025-11-20 13:27:35.743319,5721.055184173147,5761.182825745503,5686.660062825413,5732.520224622392,3888445
2025-11-21 13:27:35.743319,5825.496293510927,5866.35648795439,5790.473269702245,5837.170634780488,3242974
2025-11-24 13:27:35.743319,5876.128923395207,5917.344256525233,5840.801494998041,5887.904732860929,3992099
2025-11-25 13:27:35.743319,5846.475398941638,5887.482741419184,5811.326248246598,5858.191782506651,1779180
2025-11-26 13:27:35.743319,5917.502378933007,5959.0079066409535,5881.926212326195,5929.361101135278,3833178
2025-11-27 13:27:35.743319,5672.819866778201,5712.609184481053,5638.714737318612,5684.18824326473,3084182
2025-11-28 13:27:35.743319,5774.304467454942,5814.805600994205,5739.589210135574,5785.876219894732,2308286
2025-12-01 13:27:35.743319,5628.382518244772,5667.860151138271,5594.5445471932,5639.661841928629,4863089
2025-12-02 13:27:35.743319,5600.665835199314,5639.94906250031,5566.994497512745,5611.88961442817,3297921
2025-12-03 13:27:35.743319,5510.142260293003,5548.7905526998675,5477.015152515691,5521.184629552107,4874142
2025-12-04 13:27:35.743319,5406.8692000925685,5444.793132357747,5374.362972436702,5417.704609311191,769160
2025-12-05 13:27:35.743319,5504.591824319583,5543.201185812806,5471.49808589682,5515.623070460504,3069931
2025-12-08 13:27:35.743319,5468.843144148921,5507.201763396458,5435.964327651031,5479.802749648217,941904
2025-12-09 13:27:35.743319,5500.091130470704,5538.668923970999,5467.0244503275935,5511.113357185074,1078526
2025-12-10 13:27:35.743319,5498.970278363567,5537.540210175735,5465.910336810279,5509.990258881329,1337393
2025-12-11 13:27:35.743319,5541.2298183924395,5580.096159804009,5507.915811468237,5552.334487367174,3845503
2025-12-12 13:27:35.743319,5550.393318073748,5589.323932529174,5517.0242199690965,5561.516350775299,1314422
2025-12-15 13:27:35.743319,5447.320900961178,5485.528562591166,5414.571476706902,5458.237375712603,1234983
2025-12-16 13:27:35.743319,5532.102334621294,5570.904655605611,5498.843202349021,5543.188712045385,2763429
2025-12-17 13:27:35.743319,5494.027337536742,5532.562599423272,5460.997113062574,5505.037412361466,3635812
2025-12-18 13:27:35.743319,5369.919056180878,5407.583819099982,5337.634973678789,5380.680417014908,4775115
2025-12-19 13:27:35.743319,5338.213826805464,5375.656208356203,5306.120356904829,5348.911650105675,3376280
2025-12-22 13:27:35.743319,5462.4778446561795,5500.791817514489,5429.637296491914,5473.424694044268,3438687
2025-12-23 13:27:35.743319,5535.355715362053,5574.180855650163,5502.077023686529,5546.448612587227,1916842
2025-12-24 13:27:35.743319,5509.236507219554,5547.87844664895,5476.114844851501,5520.277061342239,2831256
2025-12-25 13:27:35.743319,5483.190738487694,5521.649992164461,5450.225663907608,5494.179096681056,4189024
2025-12-26 13:27:35.743319,5459.5297370267945,5497.823031775479,5426.706912956493,5470.470678383562,4896650
2025-12-29 13:27:35.743319,5635.094271856466,5674.618981178103,5601.2159495807755,5646.387045948362,4202418
2025-12-30 13:27:35.743319,5670.305003712236,5710.076682094987,5636.214993669878,5681.668340393022,2781608
2025-12-31 13:27:35.743319,5709.8544532394435,5749.903532570782,5675.526670955439,5721.297047334112,4430010
2026-01-01 13:27:35.743319,5801.681476935323,5842.374633587174,5766.801628376594,5813.308093121566,4141771
2026-01-02 13:27:35.743319,5825.411395171964,5866.270994136095,5790.388881774136,5837.085566304573,4579441
2026-01-05 13:27:35.743319,5805.722044105939,5846.443541409287,5770.8179035602125,5817.356757621182,1460652
2026-01-06 13:27:35.743319,5791.542958174047,5832.165002970859,5756.724062633923,5803.149256687422,2688370
2026-01-07 13:27:35.743319,5788.21945707426,5828.8181907411135,5753.420542502672,5799.81909526479,2048485
2026-01-08 13:27:35.743319,5787.88181954666,5828.478185014422,5753.084934860007,5799.480781108878,2067343
2026-01-09 13:27:35.743319,5854.325756420582,5895.388161525737,5819.129409187593,5866.057872164913,3825495
2026-01-12 13:27:35.743319,5861.819333183105,5902.934298445912,5826.577934386413,5873.566466115336,3885744
2026-01-13 13:27:35.743319,5929.557697596017,5971.147781647291,5893.9090541234955,5941.440578753523,1255612
2026-01-14 13:27:35.743319,5925.344769505154,5966.9053039606,5889.721454257628,5937.219207920995,4494528
2026-01-15 13:27:35.743319,5935.304912922328,5976.935308103145,5899.621717053055,5947.199311545419,2576475
2026-01-16 13:27:35.743319,5762.926345910516,5803.34767298604,5728.279494131495,5774.475296503523,2641912
2026-01-19 13:27:35.743319,5845.606228412533,5886.607474503602,5810.462303191615,5857.320870152838,3644311
2026-01-20 13:27:35.743319,5879.005612683689,5920.241122993093,5843.660889561343,5890.787187057805,785622
2026-01-21 13:27:35.743319,5970.6618611155545,6012.540250922977,5934.766098423476,5982.627115346247,2462889
2026-01-22 13:27:35.743319,5719.68626490748,5759.8043048417,5685.299373535291,5731.148562031543,2406862
2026-01-23 13:27:35.743319,5904.646454717189,5946.061810611999,5869.147578235924,5916.479413544278,4526390
2026-01-26 13:27:35.743319,5895.242862821462,5936.592261658887,5859.800520960812,5907.056976775012,1896436
2026-01-27 13:27:35.743319,5997.054748716769,6039.118258978308,5961.000311349733,6009.07289450578,1167540
2026-01-28 13:27:35.743319,5907.187823514657,5948.621004641513,5871.673668263065,5919.025875265187,2695690
2026-01-29 13:27:35.743319,5964.716297118414,6006.552984573153,5928.856279300067,5976.669636391197,2088236
2026-01-30 13:27:35.743319,5874.143485601103,5915.344892814737,5838.827993703701,5885.91531623357,3482410
2026-02-02 13:27:35.743319,5822.348631699455,5863.186748354661,5787.344531709278,5834.016665029514,1904355
2026-02-03 13:27:35.743319,5994.930501177423,6036.979111907124,5958.8888348376795,6006.944389957338,3175480
2026-02-04 13:27:35.743319,5980.7977352147855,6022.747218327513,5944.841035403874,5992.783301818422,3924083
2026-02-05 13:27:35.743319,6003.336828361016,6045.444401305431,5967.244622980088,6015.367563487992,2964722
2026-02-06 13:27:35.743319,6085.241836223996,6127.923893191498,6048.657215966136,6097.4367096432825,3401092
2026-02-09 13:27:35.743319,6133.721714637203,6176.743810832052,6096.845632184474,6146.013742121446,2750229
2026-02-10 13:27:35.743319,6150.651311733327,6193.792152597188,6113.673448135732,6162.977266265859,2022534
2026-02-11 13:27:35.743319,6187.507843898871,6230.907197513392,6150.308397943568,6199.907659217306,2222907
2026-02-12 13:27:35.743319,6417.852944033868,6462.8679446433225,6379.268657797191,6430.714372779426,3015967
2026-02-13 13:27:35.743319,6415.515461790428,6460.5140672338475,6376.945228553211,6428.372206202834,3370574
2026-02-16 13:27:35.743319,6438.115242789502,6483.272363730911,6399.409139125437,6451.017277344191,3388939
2026-02-17 13:27:35.743319,6543.653502791925,6589.550872049984,6504.3129005707315,6556.767036865656,4486280
2026-02-18 13:27:35.743319,6656.39827057471,6703.086434797177,6616.379844098309,6669.737746066844,2544940
2026-02-19 13:27:35.743319,6779.36874822713,6826.919430829925,6738.611020281877,6792.954657542215,2599409
2026-02-20 13:27:35.743319,6848.0568874455,6896.089350583895,6806.886204755448,6861.780448342185,3672382
2026-02-23 13:27:35.743319,6735.013890370393,6782.253466755756,6694.522824897224,6748.510912194783,4381857
2026-02-24 13:27:35.743319,6905.521750457947,6953.957273757752,6864.005587629543,6919.360471400749,791464
2026-02-25 13:27:35.743319,6791.189867018399,6838.823463280051,6750.361070222698,6804.7994659503,3173829
2026-02-26 13:27:35.743319,6825.5006680999295,6873.374921282994,6784.465593943016,6839.179026152234,618581
2026-02-27 13:27:35.743319,6752.086434929981,6799.445758621873,6711.492728908357,6765.617670270522,4352256
2026-03-02 13:27:35.743319,6748.967183967359,6796.304629145487,6708.3922309575355,6762.492168303967,838540
2026-03-03 13:27:35.743319,6785.723497761315,6833.318752755633,6744.927564909043,6799.3221420454065,1001590
2026-03-04 13:27:35.743319,6821.922187241541,6869.771340859466,6780.908626997603,6835.59337398952,1918412
2026-03-05 13:27:35.743319,6868.667231543796,6916.844256213943,6827.372638969385,6882.432095735267,3860492
2026-03-06 13:27:35.743319,7040.475835321393,7089.857930358717,6998.1483252894,7054.585005332057,2130369
2026-03-09 13:27:35.743319,7092.080738915847,7141.824792194816,7049.4429789624455,7106.293325566981,1372328
2026-03-10 13:27:35.743319,7069.688525392927,7119.2755190580065,7027.185387965715,7083.856237868664,3610691
2026-03-11 13:27:35.743319,7176.255512426464,7226.589969928452,7133.111691710473,7190.63678599846,1858097
2026-03-12 13:27:35.743319,7309.097374681556,7360.363588732428,7265.154905495094,7323.744864410377,3800354
2026-03-13 13:27:35.743319,7179.327177174374,7229.683179419083,7136.16488953605,7193.714606387148,1794315
2026-03-16 13:27:35.743319,7247.573127563579,7298.407808819034,7204.000543630331,7262.097322207995,3075508
2026-03-17 13:27:35.743319,7327.865426659094,7379.263280353095,7283.810123492807,7342.550527714523,2876219
2026-03-18 13:27:35.743319,7298.879260337421,7350.073804247603,7254.998222700123,7313.506272883188,1858311
2026-03-19 13:27:35.743319,7454.787269912239,7507.075356975752,7409.968909572086,7469.726723358957,1789467
2026-03-20 13:27:35.743319,7441.746595705241,7493.9432151139945,7397.006636212023,7456.659915536314,664074
2026-03-23 13:27:35.743319,7459.506249141634,7511.827435257856,7414.65951818487,7474.455159460555,3070466
2026-03-24 13:27:35.743319,7443.886922321642,7496.098554041332,7399.134095133335,7458.80453138441,4155180
2026-03-25 13:27:35.743319,7449.3503998037195,7501.600352507753,7404.564726057404,7464.278957719158,4983120
2026-03-26 13:27:35.743319,7331.518872728695,7382.942351795929,7287.441604956779,7346.211295319334,1290645
2026-03-27 13:27:35.743319,7178.438960071482,7228.788732336512,7135.282012415742,7192.824609290063,3787093
2026-03-30 13:27:35.743319,7355.876520252479,7407.470844542827,7311.652813717896,7370.617755764008,1517481
2026-03-31 13:27:35.743319,7266.647911328994,7317.616383652944,7222.960649337037,7281.21033199298,4094804
2026-04-01 13:27:35.743319,7162.966529095975,7213.2077772960465,7119.902602067342,7177.321171438853,562507
2026-04-02 13:27:35.743319,6938.761935671219,6987.430606562701,6897.045932049949,6952.667270211643,1605710
2026-04-03 13:27:35.743319,6876.012716706093,6924.241262815253,6834.6739628982405,6889.79230130871,2838377
2026-04-06 13:27:35.743319,6744.265512135847,6791.569979655837,6703.718825690141,6757.781074284416,4887373
2026-04-07 13:27:35.743319,6915.897987210579,6964.406289726084,6874.319442197289,6929.7575022150095,1306564
2026-04-08 13:27:35.743319,7024.963881574158,7074.237175332693,6982.729629781127,7039.041965505168,4418949
2026-04-09 13:27:35.743319,6956.300659591781,7005.0923475849095,6914.479212740528,6970.241141875533,2109473
2026-04-10 13:27:35.743319,7198.944051093959,7249.437646642714,7155.663826337883,7213.370792679318,2211952
2026-04-13 13:27:35.743319,7309.39741942706,7360.665738000195,7265.4531463643725,7324.045510447956,1237954
2026-04-14 13:27:35.743319,7277.507063623258,7328.551702346065,7233.754516146564,7292.0912461154885,3408056
2026-04-15 13:27:35.743319,7013.222399575656,7062.413338250033,6971.05873785476,7027.276953482621,1207173
2026-04-16 13:27:35.743319,7262.0446405372995,7312.980825390767,7218.385053520042,7276.597836209719,1179447
2026-04-17 13:27:35.743319,7115.80120528454,7165.711634580122,7073.020837316897,7130.061327940421,1561404
2026-04-20 13:27:35.743319,6945.7978575770685,6994.515878622197,6904.0395538241,6959.717292161391,3480248
2026-04-21 13:27:35.743319,7056.685098067807,7106.180885328803,7014.260137558382,7070.826751570949,3113987
2026-04-22 13:27:35.743319,7323.37798203987,7374.744360671411,7279.349657498548,7338.054090220311,3253913
2026-04-23 13:27:35.743319,7480.770440590953,7533.240774342592,7435.795868803833,7495.761964519993,3035232
2026-04-24 13:27:35.743319,7548.089037153777,7601.0315454304055,7502.709744345237,7563.215468089957,2878907
2026-04-27 13:27:35.743319,7619.538005697768,7672.981659044345,7573.72915997213,7634.807620939648,3329915
2026-04-28 13:27:35.743319,7721.564292471036,7775.723561055502,7675.14206225578,7737.038369209456,2863162
2026-04-29 13:27:35.743319,7813.874229076726,7868.680962146402,7766.897029302718,7829.533295668062,1415113
2026-04-30 13:27:35.743319,7850.826181246908,7905.892096345834,7803.626825447829,7866.559299846602,3192794
2026-05-01 13:27:35.743319,7867.039283862125,7922.21891811767,7819.742454500228,7882.804893649423,2711549
2026-05-04 13:27:35.743319,7863.58722216781,7918.74264356578,7816.3111466838345,7879.345913995801,2845704
2026-05-05 13:27:35.743319,7779.043779232177,7833.606210549437,7732.27598096024,7794.633045322823,923332
2026-05-06 13:27:35.743319,7750.236018719328,7804.5963915961165,7703.641413396366,7765.767553826982,792575
2026-05-07 13:27:35.743319,7559.680630958542,7612.704442999333,7514.231649209292,7574.830291541625,1959700
2026-05-08 13:27:35.743319,7552.312821433674,7605.284955451744,7506.908135132469,7567.447716867408,529336
2026-05-11 13:27:35.743319,7444.868355485603,7497.086871005041,7400.109627897514,7459.7879313483,3701078
2026-05-12 13:27:35.743319,7326.303885799824,7377.690786802427,7282.257970654735,7340.985857514854,2142425
2026-05-13 13:27:35.743319,7349.773939468027,7401.325460085537,7305.586921795874,7364.502945358744,3107622
2026-05-14 13:27:35.743319,7508.604206492495,7561.269767059075,7463.462297435426,7523.651509511518,2386963
2026-05-15 13:27:35.743319,7616.556309048825,7669.979048691452,7570.765389355145,7631.819948946719,3272605
2026-05-18 13:27:35.743319,7442.946687246304,7495.151724130796,7398.199512773881,7457.862412070444,1947947
2026-05-19 13:27:35.743319,7336.9440098588375,7388.405540990111,7292.834126032031,7351.647304467773,4676426
2026-05-20 13:27:35.743319,7444.935304593106,7497.154289695462,7400.176174505372,7459.855014622351,4356756
2026-05-21 13:27:35.743319,7339.69042580285,7391.171220372608,7295.564030457342,7354.399224251352,1998339
2026-05-22 13:27:35.743319,7318.659392986716,7369.992675302253,7274.659436716254,7333.326045076869,1176296
2026-05-25 13:27:35.743319,7382.9844187429435,7434.768878593845,7338.5977388707415,7397.779978700344,879039
2026-05-26 13:27:35.743319,7280.159583860528,7331.2228274347,7236.391089368381,7294.749082024578,1028714
2026-05-27 13:27:35.743319,7295.322690123463,7346.49228815038,7251.463034671819,7309.942575274011,3411190
2026-05-28 13:27:35.743319,7154.367668959418,7204.54860451324,7111.355438484711,7168.7050791176525,1052439
2026-05-29 13:27:35.743319,7093.667738910089,7143.4229234515415,7051.0204378745575,7107.883505921933,4642535
2026-06-01 13:27:35.743319,7131.340658170284,7181.360081624383,7088.466866638198,7145.631922014312,773452
2026-06-02 13:27:35.743319,6966.440051958672,7015.302857934334,6924.557646836676,6980.400853666004,1278883
2026-06-03 13:27:35.743319,7016.127743903412,7065.339060744417,6973.946615182549,7030.188120143699,4871047
2026-06-04 13:27:35.743319,7017.569236247175,7066.790663755921,6975.379441239676,7031.632501249674,2689921
2026-06-05 13:27:35.743319,7079.506803441597,7129.162662784373,7036.944638290645,7093.694191825248,3698156
2026-06-08 13:27:35.743319,7106.877354952206,7156.725192111188,7064.150637387363,7121.119594140487,1262371
2026-06-09 13:27:35.743319,7257.424858355384,7308.328639927015,7213.7930455797,7271.9687959472785,3757945
2026-06-10 13:27:35.743319,7274.706224634551,7325.7312181941115,7230.970515869213,7289.284794222997,4268950
2026-06-11 13:27:35.743319,7231.61472215015,7282.337470702304,7188.138080534016,7246.106936022194,642980
2026-06-12 13:27:35.743319,7248.516376325929,7299.357673554667,7204.938121558438,7263.042461248426,2934003
2026-06-15 13:27:35.743319,7311.484130721041,7362.767085545736,7267.5273122998715,7326.136403528097,757354
2026-06-16 13:27:35.743319,7320.504026395476,7371.850247021496,7276.4929801446015,7335.174375145768,3706943
2026-06-17 13:27:35.743319,7328.626055318782,7380.029244083543,7284.566179234702,7343.312680680143,2417160
2026-06-18 13:27:35.743319,7255.488244428235,7306.378442535446,7211.868074622053,7270.028301030296,3815258
2026-06-19 13:27:35.743319,7187.293447384981,7237.70532527245,7144.083266338578,7201.696841067115,4871545
2026-06-22 13:27:35.743319,7041.178726375172,7090.5657515100675,6998.846990545261,7055.289304985143,2735883
2026-06-23 13:27:35.743319,7232.0261577308565,7282.751792103718,7188.547042554118,7246.519196123103,3050982
2026-06-24 13:27:35.743319,7101.892455046765,7151.705327977954,7059.19570682003,7116.124704455676,1264265
2026-06-25 13:27:35.743319,7031.975761761092,7081.298237043984,6989.699354375754,7046.067897556204,808617
2026-06-26 13:27:35.743319,6960.084426693845,7008.902654135584,6918.240231743781,6974.032491677199,3480346
2026-06-29 13:27:35.743319,7057.673539378798,7107.17625959488,7015.24263633644,7071.81717372625,1244748
2026-06-30 13:27:35.743319,7030.031770062367,7079.340610132945,6987.767050001872,7044.120010082533,4136562
2026-07-01 13:27:35.743319,7166.428089790774,7216.693617474676,7123.3433517759995,7180.789669129032,2554410
2026-07-02 13:27:35.743319,7097.942808285571,7147.727978283566,7055.269805430147,7112.167142570713,2977748
2026-07-03 13:27:35.743319,7131.2740648445315,7181.293021211176,7088.400673673122,7145.565195235002,1234275
2026-07-06 13:27:35.743319,7045.99734694553,7095.418170020297,7003.636641452871,7060.1175821097495,1797819
2026-07-07 13:27:35.743319,7280.044248655607,7331.106683265415,7236.276447561485,7294.633515686981,1534186
2026-07-08 13:27:35.743319,7155.082647941719,7205.268598378183,7112.0661189961775,7169.421490923566,1098506
2026-07-09 13:27:35.743319,7192.007030189195,7242.451969278697,7148.76851096962,7206.419869929053,1056718
2026-07-10 13:27:35.743319,7264.336233535724,7315.288491686775,7220.66286940625,7278.894021578882,2096853
2026-07-13 13:27:35.743319,7313.221792444527,7364.516935277304,7269.254527159289,7327.877547539606,852414
2026-07-14 13:27:35.743319,7296.571639847937,7347.749998043262,7252.704475680514,7311.194027903744,3463944
2026-07-15 13:27:35.743319,7286.018873535562,7337.123214331903,7242.215152852984,7300.620113763089,2847693
2026-07-16 13:27:35.743319,7294.454931191923,7345.618442733348,7250.600492727843,7309.073077346616,3263545
2026-07-17 13:27:35.743319,7282.028263453699,7333.104613998965,7238.248534414899,7296.621506466632,4016144
2026-07-20 13:27:35.743319,7391.772946635041,7443.61904946715,7347.333429921804,7406.586118872787,4448401
2026-07-21 13:27:35.743319,7644.798353680317,7698.419183816351,7598.837642135145,7660.118590862041,624932
2026-07-22 13:27:35.743319,7584.9277397341875,7638.128635704266,7539.326971759834,7600.127995725639,768083
2026-07-23 13:27:35.743319,7434.386350959398,7486.531345405005,7389.690641434592,7449.284920801,2251498
2026-07-24 13:27:35.743319,7428.261225910311,7480.363258556975,7383.602340784597,7443.147520952215,4377809
2026-07-27 13:27:35.743319,7725.19797794612,7779.382733302455,7678.753901926404,7740.679336619359,2058426
2026-07-28 13:27:35.743319,7636.446156149231,7690.008403737451,7590.5356582164695,7651.749655460151,3730431
2026-07-29 13:27:35.743319,7830.442988735254,7885.36593555003,7783.366177179732,7846.135259253762,3092316
2026-07-30 13:27:35.743319,8034.016554111602,8090.36737162541,7985.71585338548,8050.116787686976,789220
2026-07-31 13:27:35.743319,7971.5645052472755,8027.477282338187,7923.639267740778,7987.539584416108,4476765
2026-08-03 13:27:35.743319,8043.911895302756,8100.332119017304,7995.5517035474295,8060.031959221199,1895285
2026-08-04 13:27:35.743319,8246.933780976326,8304.778005892993,8197.35301676204,8263.460702381088,3422705
2026-08-05 13:27:35.743319,8204.268373850024,8261.81334240408,8154.944115089403,8220.709793436898,3164749
2026-08-06 13:27:35.743319,8183.343818334766,8240.742021469378,8134.145358505098,8199.743304944655,4499453
2026-08-07 13:27:35.743319,8116.310127713535,8173.238154661424,8067.514676043914,8132.575278270075,1906978
2026-08-10 13:27:35.743319,7997.702253920873,8053.798361914304,7949.619875640787,8013.729713347568,3421989
2026-08-11 13:27:35.743319,7924.150479397903,7979.730693181254,7876.510296155029,7940.0305404788605,1484156
2026-08-12 13:27:35.743319,7783.888456886816,7838.484868909068,7737.091532296315,7799.487431750317,4213543
2026-08-13 13:27:35.743319,7791.763911205983,7846.415561885784,7744.919639194725,7807.37866854307,1363659
2026-08-14 13:27:35.743319,7706.141963871249,7760.193059810224,7659.812453066411,7721.585134139527,2737035
2026-08-17 13:27:35.743319,7737.080787506586,7791.348889222562,7690.5652717500325,7752.585959425436,1703920
2026-08-18 13:27:35.743319,7562.38050718466,7615.423256233048,7516.915293714612,7577.535578341342,3608591
